[{"fields": {"model": "logentry", "app_label": "admin"}, "model": "contenttypes.contenttype", "pk": 1}, {"fields": {"model": "permission", "app_label": "auth"}, "model": "contenttypes.contenttype", "pk": 2}, {"fields": {"model": "group", "app_label": "auth"}, "model": "contenttypes.contenttype", "pk": 3}, {"fields": {"model": "user", "app_label": "auth"}, "model": "contenttypes.contenttype", "pk": 4}, {"fields": {"model": "contenttype", "app_label": "contenttypes"}, "model": "contenttypes.contenttype", "pk": 5}, {"fields": {"model": "session", "app_label": "sessions"}, "model": "contenttypes.contenttype", "pk": 6}, {"fields": {"model": "school", "app_label": "videoclases"}, "model": "contenttypes.contenttype", "pk": 7}, {"fields": {"model": "course", "app_label": "videoclases"}, "model": "contenttypes.contenttype", "pk": 8}, {"fields": {"model": "homework", "app_label": "videoclases"}, "model": "contenttypes.contenttype", "pk": 10}, {"fields": {"model": "teacher", "app_label": "videoclases"}, "model": "contenttypes.contenttype", "pk": 11}, {"fields": {"model": "group", "app_label": "videoclases"}, "model": "contenttypes.contenttype", "pk": 13}, {"fields": {"model": "student", "app_label": "videoclases"}, "model": "contenttypes.contenttype", "pk": 14}, {"fields": {"model": "finalscores", "app_label": "videoclases"}, "model": "contenttypes.contenttype", "pk": 15}, {"fields": {"model": "studentevaluations", "app_label": "videoclases"}, "model": "contenttypes.contenttype", "pk": 16}, {"fields": {"model": "videoclase", "app_label": "videoclases"}, "model": "contenttypes.contenttype", "pk": 17}, {"fields": {"model": "studentresponses", "app_label": "videoclases"}, "model": "contenttypes.contenttype", "pk": 18}, {"fields": {"expire_date": "2016-07-28T20:16:36.570Z", "session_data": "NjMzMWM3MDk3MWI1ZjEyNjk2ZDgyOTEzYzUzZjAzM2VmYTBlYmMxODp7Il9hdXRoX3VzZXJfaGFzaCI6ImJjZjkxMmQxODE5ZGI3NDRkZTY2ZjI4ZTYzOTE4MDYxYjYzODQ4OTkiLCJfYXV0aF91c2VyX2JhY2tlbmQiOiJkamFuZ28uY29udHJpYi5hdXRoLmJhY2tlbmRzLk1vZGVsQmFja2VuZCIsIl9hdXRoX3VzZXJfaWQiOiIxIn0="}, "model": "sessions.session", "pk": "0u6tn5pxpaw1x8mo8lyaw30md5enn818"}, {"fields": {"expire_date": "2016-08-11T14:34:52.158Z", "session_data": "NjMzMWM3MDk3MWI1ZjEyNjk2ZDgyOTEzYzUzZjAzM2VmYTBlYmMxODp7Il9hdXRoX3VzZXJfaGFzaCI6ImJjZjkxMmQxODE5ZGI3NDRkZTY2ZjI4ZTYzOTE4MDYxYjYzODQ4OTkiLCJfYXV0aF91c2VyX2JhY2tlbmQiOiJkamFuZ28uY29udHJpYi5hdXRoLmJhY2tlbmRzLk1vZGVsQmFja2VuZCIsIl9hdXRoX3VzZXJfaWQiOiIxIn0="}, "model": "sessions.session", "pk": "1e8rgmze2mhr2nb8o7s0o7qvn9glrq8w"}, {"fields": {"expire_date": "2016-08-11T21:52:23.443Z", "session_data": "NjMzMWM3MDk3MWI1ZjEyNjk2ZDgyOTEzYzUzZjAzM2VmYTBlYmMxODp7Il9hdXRoX3VzZXJfaGFzaCI6ImJjZjkxMmQxODE5ZGI3NDRkZTY2ZjI4ZTYzOTE4MDYxYjYzODQ4OTkiLCJfYXV0aF91c2VyX2JhY2tlbmQiOiJkamFuZ28uY29udHJpYi5hdXRoLmJhY2tlbmRzLk1vZGVsQmFja2VuZCIsIl9hdXRoX3VzZXJfaWQiOiIxIn0="}, "model": "sessions.session", "pk": "1jciadvnbh51slb2ziq066mki5i298li"}, {"fields": {"expire_date": "2016-07-29T14:28:06.985Z", "session_data": "NjMzMWM3MDk3MWI1ZjEyNjk2ZDgyOTEzYzUzZjAzM2VmYTBlYmMxODp7Il9hdXRoX3VzZXJfaGFzaCI6ImJjZjkxMmQxODE5ZGI3NDRkZTY2ZjI4ZTYzOTE4MDYxYjYzODQ4OTkiLCJfYXV0aF91c2VyX2JhY2tlbmQiOiJkamFuZ28uY29udHJpYi5hdXRoLmJhY2tlbmRzLk1vZGVsQmFja2VuZCIsIl9hdXRoX3VzZXJfaWQiOiIxIn0="}, "model": "sessions.session", "pk": "1s75dvihyeemd6ysxdnd1h0sid2aid82"}, {"fields": {"expire_date": "2016-07-28T20:56:08.397Z", "session_data": "NjMzMWM3MDk3MWI1ZjEyNjk2ZDgyOTEzYzUzZjAzM2VmYTBlYmMxODp7Il9hdXRoX3VzZXJfaGFzaCI6ImJjZjkxMmQxODE5ZGI3NDRkZTY2ZjI4ZTYzOTE4MDYxYjYzODQ4OTkiLCJfYXV0aF91c2VyX2JhY2tlbmQiOiJkamFuZ28uY29udHJpYi5hdXRoLmJhY2tlbmRzLk1vZGVsQmFja2VuZCIsIl9hdXRoX3VzZXJfaWQiOiIxIn0="}, "model": "sessions.session", "pk": "21s14e0v2vpk996lqil31kph0qa2nodi"}, {"fields": {"expire_date": "2016-08-02T19:57:55.820Z", "session_data": "NjMzMWM3MDk3MWI1ZjEyNjk2ZDgyOTEzYzUzZjAzM2VmYTBlYmMxODp7Il9hdXRoX3VzZXJfaGFzaCI6ImJjZjkxMmQxODE5ZGI3NDRkZTY2ZjI4ZTYzOTE4MDYxYjYzODQ4OTkiLCJfYXV0aF91c2VyX2JhY2tlbmQiOiJkamFuZ28uY29udHJpYi5hdXRoLmJhY2tlbmRzLk1vZGVsQmFja2VuZCIsIl9hdXRoX3VzZXJfaWQiOiIxIn0="}, "model": "sessions.session", "pk": "363madv5xwkjhzvzxu5a5oto84uirwv1"}, {"fields": {"expire_date": "2016-07-23T12:31:48.121Z", "session_data": "NjMzMWM3MDk3MWI1ZjEyNjk2ZDgyOTEzYzUzZjAzM2VmYTBlYmMxODp7Il9hdXRoX3VzZXJfaGFzaCI6ImJjZjkxMmQxODE5ZGI3NDRkZTY2ZjI4ZTYzOTE4MDYxYjYzODQ4OTkiLCJfYXV0aF91c2VyX2JhY2tlbmQiOiJkamFuZ28uY29udHJpYi5hdXRoLmJhY2tlbmRzLk1vZGVsQmFja2VuZCIsIl9hdXRoX3VzZXJfaWQiOiIxIn0="}, "model": "sessions.session", "pk": "4hav2wmvjfz7ng0fttla4fm4gqggkdw4"}, {"fields": {"expire_date": "2016-08-14T15:24:50.382Z", "session_data": "NjMzMWM3MDk3MWI1ZjEyNjk2ZDgyOTEzYzUzZjAzM2VmYTBlYmMxODp7Il9hdXRoX3VzZXJfaGFzaCI6ImJjZjkxMmQxODE5ZGI3NDRkZTY2ZjI4ZTYzOTE4MDYxYjYzODQ4OTkiLCJfYXV0aF91c2VyX2JhY2tlbmQiOiJkamFuZ28uY29udHJpYi5hdXRoLmJhY2tlbmRzLk1vZGVsQmFja2VuZCIsIl9hdXRoX3VzZXJfaWQiOiIxIn0="}, "model": "sessions.session", "pk": "533dsn45zt0ezlg6kybrgnmfcujlaa2w"}, {"fields": {"expire_date": "2016-07-22T20:05:51.907Z", "session_data": "NjMzMWM3MDk3MWI1ZjEyNjk2ZDgyOTEzYzUzZjAzM2VmYTBlYmMxODp7Il9hdXRoX3VzZXJfaGFzaCI6ImJjZjkxMmQxODE5ZGI3NDRkZTY2ZjI4ZTYzOTE4MDYxYjYzODQ4OTkiLCJfYXV0aF91c2VyX2JhY2tlbmQiOiJkamFuZ28uY29udHJpYi5hdXRoLmJhY2tlbmRzLk1vZGVsQmFja2VuZCIsIl9hdXRoX3VzZXJfaWQiOiIxIn0="}, "model": "sessions.session", "pk": "5euhfk1gv4ff1o94qc071fwy5e85qsh3"}, {"fields": {"expire_date": "2016-07-29T14:25:23.633Z", "session_data": "NjMzMWM3MDk3MWI1ZjEyNjk2ZDgyOTEzYzUzZjAzM2VmYTBlYmMxODp7Il9hdXRoX3VzZXJfaGFzaCI6ImJjZjkxMmQxODE5ZGI3NDRkZTY2ZjI4ZTYzOTE4MDYxYjYzODQ4OTkiLCJfYXV0aF91c2VyX2JhY2tlbmQiOiJkamFuZ28uY29udHJpYi5hdXRoLmJhY2tlbmRzLk1vZGVsQmFja2VuZCIsIl9hdXRoX3VzZXJfaWQiOiIxIn0="}, "model": "sessions.session", "pk": "5yd8f6izt6x5w5fv87aes6hnw4rx9vl2"}, {"fields": {"expire_date": "2016-08-09T17:25:31.702Z", "session_data": "NjMzMWM3MDk3MWI1ZjEyNjk2ZDgyOTEzYzUzZjAzM2VmYTBlYmMxODp7Il9hdXRoX3VzZXJfaGFzaCI6ImJjZjkxMmQxODE5ZGI3NDRkZTY2ZjI4ZTYzOTE4MDYxYjYzODQ4OTkiLCJfYXV0aF91c2VyX2JhY2tlbmQiOiJkamFuZ28uY29udHJpYi5hdXRoLmJhY2tlbmRzLk1vZGVsQmFja2VuZCIsIl9hdXRoX3VzZXJfaWQiOiIxIn0="}, "model": "sessions.session", "pk": "8gm6p6qj3216us3lx959an21upn9h9f4"}, {"fields": {"expire_date": "2016-08-11T17:53:13.446Z", "session_data": "NjMzMWM3MDk3MWI1ZjEyNjk2ZDgyOTEzYzUzZjAzM2VmYTBlYmMxODp7Il9hdXRoX3VzZXJfaGFzaCI6ImJjZjkxMmQxODE5ZGI3NDRkZTY2ZjI4ZTYzOTE4MDYxYjYzODQ4OTkiLCJfYXV0aF91c2VyX2JhY2tlbmQiOiJkamFuZ28uY29udHJpYi5hdXRoLmJhY2tlbmRzLk1vZGVsQmFja2VuZCIsIl9hdXRoX3VzZXJfaWQiOiIxIn0="}, "model": "sessions.session", "pk": "9lasj0mbbfmlujizl6kxo3xgrch37cyf"}, {"fields": {"expire_date": "2016-08-18T20:40:22.276Z", "session_data": "NjMzMWM3MDk3MWI1ZjEyNjk2ZDgyOTEzYzUzZjAzM2VmYTBlYmMxODp7Il9hdXRoX3VzZXJfaGFzaCI6ImJjZjkxMmQxODE5ZGI3NDRkZTY2ZjI4ZTYzOTE4MDYxYjYzODQ4OTkiLCJfYXV0aF91c2VyX2JhY2tlbmQiOiJkamFuZ28uY29udHJpYi5hdXRoLmJhY2tlbmRzLk1vZGVsQmFja2VuZCIsIl9hdXRoX3VzZXJfaWQiOiIxIn0="}, "model": "sessions.session", "pk": "c8n62kh6zphwmti7e6qccjco830u1v0u"}, {"fields": {"expire_date": "2016-08-03T15:20:43.880Z", "session_data": "NjMzMWM3MDk3MWI1ZjEyNjk2ZDgyOTEzYzUzZjAzM2VmYTBlYmMxODp7Il9hdXRoX3VzZXJfaGFzaCI6ImJjZjkxMmQxODE5ZGI3NDRkZTY2ZjI4ZTYzOTE4MDYxYjYzODQ4OTkiLCJfYXV0aF91c2VyX2JhY2tlbmQiOiJkamFuZ28uY29udHJpYi5hdXRoLmJhY2tlbmRzLk1vZGVsQmFja2VuZCIsIl9hdXRoX3VzZXJfaWQiOiIxIn0="}, "model": "sessions.session", "pk": "eem69in6vbtz9ltyvycozrw14txnayjp"}, {"fields": {"expire_date": "2016-08-10T16:32:49.943Z", "session_data": "NjMzMWM3MDk3MWI1ZjEyNjk2ZDgyOTEzYzUzZjAzM2VmYTBlYmMxODp7Il9hdXRoX3VzZXJfaGFzaCI6ImJjZjkxMmQxODE5ZGI3NDRkZTY2ZjI4ZTYzOTE4MDYxYjYzODQ4OTkiLCJfYXV0aF91c2VyX2JhY2tlbmQiOiJkamFuZ28uY29udHJpYi5hdXRoLmJhY2tlbmRzLk1vZGVsQmFja2VuZCIsIl9hdXRoX3VzZXJfaWQiOiIxIn0="}, "model": "sessions.session", "pk": "g69xxtcf73ek4jh8ug6wis4xg91uwe4q"}, {"fields": {"expire_date": "2016-08-04T15:42:09.195Z", "session_data": "NjMzMWM3MDk3MWI1ZjEyNjk2ZDgyOTEzYzUzZjAzM2VmYTBlYmMxODp7Il9hdXRoX3VzZXJfaGFzaCI6ImJjZjkxMmQxODE5ZGI3NDRkZTY2ZjI4ZTYzOTE4MDYxYjYzODQ4OTkiLCJfYXV0aF91c2VyX2JhY2tlbmQiOiJkamFuZ28uY29udHJpYi5hdXRoLmJhY2tlbmRzLk1vZGVsQmFja2VuZCIsIl9hdXRoX3VzZXJfaWQiOiIxIn0="}, "model": "sessions.session", "pk": "hhjwrqf2ox2rqmnwp76s600asy8phrvb"}, {"fields": {"expire_date": "2016-08-13T17:54:26.731Z", "session_data": "NjMzMWM3MDk3MWI1ZjEyNjk2ZDgyOTEzYzUzZjAzM2VmYTBlYmMxODp7Il9hdXRoX3VzZXJfaGFzaCI6ImJjZjkxMmQxODE5ZGI3NDRkZTY2ZjI4ZTYzOTE4MDYxYjYzODQ4OTkiLCJfYXV0aF91c2VyX2JhY2tlbmQiOiJkamFuZ28uY29udHJpYi5hdXRoLmJhY2tlbmRzLk1vZGVsQmFja2VuZCIsIl9hdXRoX3VzZXJfaWQiOiIxIn0="}, "model": "sessions.session", "pk": "mzpfudx2lywgr7bvp4r8mes7s6qhtj6n"}, {"fields": {"expire_date": "2016-08-17T15:03:26.064Z", "session_data": "NjMzMWM3MDk3MWI1ZjEyNjk2ZDgyOTEzYzUzZjAzM2VmYTBlYmMxODp7Il9hdXRoX3VzZXJfaGFzaCI6ImJjZjkxMmQxODE5ZGI3NDRkZTY2ZjI4ZTYzOTE4MDYxYjYzODQ4OTkiLCJfYXV0aF91c2VyX2JhY2tlbmQiOiJkamFuZ28uY29udHJpYi5hdXRoLmJhY2tlbmRzLk1vZGVsQmFja2VuZCIsIl9hdXRoX3VzZXJfaWQiOiIxIn0="}, "model": "sessions.session", "pk": "n6or0xeui7653bf1pqnjhg471lib5f92"}, {"fields": {"expire_date": "2016-08-03T21:41:10.005Z", "session_data": "NjMzMWM3MDk3MWI1ZjEyNjk2ZDgyOTEzYzUzZjAzM2VmYTBlYmMxODp7Il9hdXRoX3VzZXJfaGFzaCI6ImJjZjkxMmQxODE5ZGI3NDRkZTY2ZjI4ZTYzOTE4MDYxYjYzODQ4OTkiLCJfYXV0aF91c2VyX2JhY2tlbmQiOiJkamFuZ28uY29udHJpYi5hdXRoLmJhY2tlbmRzLk1vZGVsQmFja2VuZCIsIl9hdXRoX3VzZXJfaWQiOiIxIn0="}, "model": "sessions.session", "pk": "oifb626aatntz2bxppazihixi12q5z64"}, {"fields": {"expire_date": "2016-08-18T22:41:45.862Z", "session_data": "ZTUyM2ZlNmMyNjM2M2FhMWY4Y2U2NzllYzY5YWYxMWZhODVmYTgwZDp7Il9hdXRoX3VzZXJfaGFzaCI6IjJlNGNhYjBkZmJkNjMwYWJhMWE5YTZlNDBlZGVlYTVlZTk0NGQ5MDMiLCJfYXV0aF91c2VyX2JhY2tlbmQiOiJkamFuZ28uY29udHJpYi5hdXRoLmJhY2tlbmRzLk1vZGVsQmFja2VuZCIsIl9hdXRoX3VzZXJfaWQiOiIyIn0="}, "model": "sessions.session", "pk": "rdt0z56wkufh5cf4ilypqfhxe1f67z5h"}, {"fields": {"expire_date": "2016-07-29T16:06:25.670Z", "session_data": "NjMzMWM3MDk3MWI1ZjEyNjk2ZDgyOTEzYzUzZjAzM2VmYTBlYmMxODp7Il9hdXRoX3VzZXJfaGFzaCI6ImJjZjkxMmQxODE5ZGI3NDRkZTY2ZjI4ZTYzOTE4MDYxYjYzODQ4OTkiLCJfYXV0aF91c2VyX2JhY2tlbmQiOiJkamFuZ28uY29udHJpYi5hdXRoLmJhY2tlbmRzLk1vZGVsQmFja2VuZCIsIl9hdXRoX3VzZXJfaWQiOiIxIn0="}, "model": "sessions.session", "pk": "sytgf24kb0mdo3p69f7zl04nsk11nnyr"}, {"fields": {"expire_date": "2016-07-29T21:05:22.294Z", "session_data": "NjMzMWM3MDk3MWI1ZjEyNjk2ZDgyOTEzYzUzZjAzM2VmYTBlYmMxODp7Il9hdXRoX3VzZXJfaGFzaCI6ImJjZjkxMmQxODE5ZGI3NDRkZTY2ZjI4ZTYzOTE4MDYxYjYzODQ4OTkiLCJfYXV0aF91c2VyX2JhY2tlbmQiOiJkamFuZ28uY29udHJpYi5hdXRoLmJhY2tlbmRzLk1vZGVsQmFja2VuZCIsIl9hdXRoX3VzZXJfaWQiOiIxIn0="}, "model": "sessions.session", "pk": "tmg2d8ap2fcrvmgdkuu3oe0fwtlbdzoi"}, {"fields": {"expire_date": "2016-07-22T20:22:36.339Z", "session_data": "NjMzMWM3MDk3MWI1ZjEyNjk2ZDgyOTEzYzUzZjAzM2VmYTBlYmMxODp7Il9hdXRoX3VzZXJfaGFzaCI6ImJjZjkxMmQxODE5ZGI3NDRkZTY2ZjI4ZTYzOTE4MDYxYjYzODQ4OTkiLCJfYXV0aF91c2VyX2JhY2tlbmQiOiJkamFuZ28uY29udHJpYi5hdXRoLmJhY2tlbmRzLk1vZGVsQmFja2VuZCIsIl9hdXRoX3VzZXJfaWQiOiIxIn0="}, "model": "sessions.session", "pk": "w20ny38zfae65fdomtgz0n227k5lvjug"}, {"fields": {"expire_date": "2016-08-17T16:50:51.156Z", "session_data": "NjMzMWM3MDk3MWI1ZjEyNjk2ZDgyOTEzYzUzZjAzM2VmYTBlYmMxODp7Il9hdXRoX3VzZXJfaGFzaCI6ImJjZjkxMmQxODE5ZGI3NDRkZTY2ZjI4ZTYzOTE4MDYxYjYzODQ4OTkiLCJfYXV0aF91c2VyX2JhY2tlbmQiOiJkamFuZ28uY29udHJpYi5hdXRoLmJhY2tlbmRzLk1vZGVsQmFja2VuZCIsIl9hdXRoX3VzZXJfaWQiOiIxIn0="}, "model": "sessions.session", "pk": "wnw57xppj5wc987hitjofsfca63ffb0p"}, {"fields": {"expire_date": "2016-07-31T22:21:39.716Z", "session_data": "NjMzMWM3MDk3MWI1ZjEyNjk2ZDgyOTEzYzUzZjAzM2VmYTBlYmMxODp7Il9hdXRoX3VzZXJfaGFzaCI6ImJjZjkxMmQxODE5ZGI3NDRkZTY2ZjI4ZTYzOTE4MDYxYjYzODQ4OTkiLCJfYXV0aF91c2VyX2JhY2tlbmQiOiJkamFuZ28uY29udHJpYi5hdXRoLmJhY2tlbmRzLk1vZGVsQmFja2VuZCIsIl9hdXRoX3VzZXJfaWQiOiIxIn0="}, "model": "sessions.session", "pk": "y7zc4i08zi0znr5zn55qqww7bv0suu88"}, {"fields": {"name": "Instituto Nacional"}, "model": "videoclases.school", "pk": 1}, {"fields": {"name": "1\u00b0A", "school": 1, "year": 2016}, "model": "videoclases.course", "pk": 1}, {"fields": {"name": "1\u00b0B", "school": 1, "year": 2016}, "model": "videoclases.course", "pk": 2}, {"fields": {"name": "2\u00b0A", "school": 1, "year": 2016}, "model": "videoclases.course", "pk": 3}, {"fields": {"date_upload": "2018-07-14", "course": 1, "video": "", "revision": 3, "description": "Siempre pendiente", "title": "Siempre pendiente", "teacher": 1, "date_evaluation": "2019-07-14"}, "model": "videoclases.homework", "pk": 1}, {"fields": {"date_upload": "2016-07-27", "course": 2, "video": "", "revision": 4, "description": "L\u00ednea 1 de descripci\u00f3n.\r\n\r\nOtras l\u00edneas\r\nFin", "title": "M\u00edo Cid Campeador", "teacher": 1, "date_evaluation": "2016-08-03"}, "model": "videoclases.homework", "pk": 9}, {"fields": {"date_upload": "2016-07-26", "course": 1, "video": "", "revision": 3, "description": "Videos de gatos", "title": "Gatos - Evaluando siempre", "teacher": 1, "date_evaluation": "2016-08-04"}, "model": "videoclases.homework", "pk": 10}, {"fields": {"date_upload": "2016-07-31", "course": 2, "video": "", "revision": 3, "description": "Descripci\u00f3n", "title": "Tarea de prueba", "teacher": 1, "date_evaluation": "2016-08-06"}, "model": "videoclases.homework", "pk": 11}, {"fields": {"date_upload": "2016-08-06", "course": 3, "video": "", "revision": 3, "description": "wow", "title": "otra m\u00e1s", "teacher": 1, "date_evaluation": "2016-08-13"}, "model": "videoclases.homework", "pk": 13}, {"fields": {"date_upload": "2016-08-06", "course": 3, "video": "", "revision": 3, "description": "vamos", "title": "vamos que se puede", "teacher": 1, "date_evaluation": "2016-08-13"}, "model": "videoclases.homework", "pk": 14}, {"fields": {"date_upload": "2016-08-20", "course": 3, "video": "", "revision": 3, "description": "aaa", "title": "incluso otra", "teacher": 1, "date_evaluation": "2016-08-27"}, "model": "videoclases.homework", "pk": 15}, {"fields": {"date_upload": "2016-07-14", "course": 1, "video": "https://www.youtube.com/watch?v=x2mQmKHgjUI", "revision": 3, "description": "Subir un video friendo un huevo", "title": "Tarea terminada", "teacher": 1, "date_evaluation": "2016-07-21"}, "model": "videoclases.homework", "pk": 16}, {"fields": {"date_upload": "2016-08-11", "course": 3, "video": "", "revision": 3, "description": "a", "title": "probando creaci\u00f3n de group", "teacher": 1, "date_evaluation": "2016-08-18"}, "model": "videoclases.homework", "pk": 19}, {"fields": {"students": [2], "homework": 1, "number": 2}, "model": "videoclases.groupofstudents", "pk": 16}, {"fields": {"students": [1], "homework": 1, "number": 1}, "model": "videoclases.groupofstudents", "pk": 17}, {"fields": {"students": [], "homework": 1, "number": 8}, "model": "videoclases.groupofstudents", "pk": 18}, {"fields": {"students": [], "homework": 1, "number": 9}, "model": "videoclases.groupofstudents", "pk": 19}, {"fields": {"students": [10], "homework": 1, "number": 10}, "model": "videoclases.groupofstudents", "pk": 20}, {"fields": {"students": [11], "homework": 1, "number": 11}, "model": "videoclases.groupofstudents", "pk": 21}, {"fields": {"students": [], "homework": 1, "number": 12}, "model": "videoclases.groupofstudents", "pk": 22}, {"fields": {"students": [], "homework": 1, "number": 13}, "model": "videoclases.groupofstudents", "pk": 23}, {"fields": {"students": [], "homework": 1, "number": 14}, "model": "videoclases.groupofstudents", "pk": 24}, {"fields": {"students": [], "homework": 1, "number": 15}, "model": "videoclases.groupofstudents", "pk": 25}, {"fields": {"students": [], "homework": 1, "number": 7}, "model": "videoclases.groupofstudents", "pk": 26}, {"fields": {"students": [4], "homework": 1, "number": 4}, "model": "videoclases.groupofstudents", "pk": 27}, {"fields": {"students": [3], "homework": 1, "number": 3}, "model": "videoclases.groupofstudents", "pk": 28}, {"fields": {"students": [], "homework": 1, "number": 6}, "model": "videoclases.groupofstudents", "pk": 29}, {"fields": {"students": [], "homework": 1, "number": 5}, "model": "videoclases.groupofstudents", "pk": 30}, {"fields": {"students": [16], "homework": 9, "number": 1}, "model": "videoclases.groupofstudents", "pk": 31}, {"fields": {"students": [22], "homework": 9, "number": 7}, "model": "videoclases.groupofstudents", "pk": 32}, {"fields": {"students": [23], "homework": 9, "number": 8}, "model": "videoclases.groupofstudents", "pk": 33}, {"fields": {"students": [24], "homework": 9, "number": 9}, "model": "videoclases.groupofstudents", "pk": 34}, {"fields": {"students": [25], "homework": 9, "number": 10}, "model": "videoclases.groupofstudents", "pk": 35}, {"fields": {"students": [26], "homework": 9, "number": 11}, "model": "videoclases.groupofstudents", "pk": 36}, {"fields": {"students": [27], "homework": 9, "number": 12}, "model": "videoclases.groupofstudents", "pk": 37}, {"fields": {"students": [28], "homework": 9, "number": 13}, "model": "videoclases.groupofstudents", "pk": 38}, {"fields": {"students": [29], "homework": 9, "number": 14}, "model": "videoclases.groupofstudents", "pk": 39}, {"fields": {"students": [30], "homework": 9, "number": 15}, "model": "videoclases.groupofstudents", "pk": 40}, {"fields": {"students": [18], "homework": 9, "number": 3}, "model": "videoclases.groupofstudents", "pk": 41}, {"fields": {"students": [19], "homework": 9, "number": 4}, "model": "videoclases.groupofstudents", "pk": 42}, {"fields": {"students": [17], "homework": 9, "number": 2}, "model": "videoclases.groupofstudents", "pk": 43}, {"fields": {"students": [20], "homework": 9, "number": 5}, "model": "videoclases.groupofstudents", "pk": 44}, {"fields": {"students": [21], "homework": 9, "number": 6}, "model": "videoclases.groupofstudents", "pk": 45}, {"fields": {"students": [1, 7], "homework": 10, "number": 1}, "model": "videoclases.groupofstudents", "pk": 46}, {"fields": {"students": [3, 14], "homework": 10, "number": 7}, "model": "videoclases.groupofstudents", "pk": 47}, {"fields": {"students": [8], "homework": 10, "number": 5}, "model": "videoclases.groupofstudents", "pk": 48}, {"fields": {"students": [6, 9], "homework": 10, "number": 4}, "model": "videoclases.groupofstudents", "pk": 49}, {"fields": {"students": [2, 10], "homework": 10, "number": 2}, "model": "videoclases.groupofstudents", "pk": 50}, {"fields": {"students": [4, 11], "homework": 10, "number": 6}, "model": "videoclases.groupofstudents", "pk": 51}, {"fields": {"students": [12, 13], "homework": 10, "number": 3}, "model": "videoclases.groupofstudents", "pk": 52}, {"fields": {"students": [15], "homework": 10, "number": 8}, "model": "videoclases.groupofstudents", "pk": 53}, {"fields": {"students": [17], "homework": 11, "number": 1}, "model": "videoclases.groupofstudents", "pk": 54}, {"fields": {"students": [24], "homework": 11, "number": 3}, "model": "videoclases.groupofstudents", "pk": 55}, {"fields": {"students": [23, 30], "homework": 11, "number": 4}, "model": "videoclases.groupofstudents", "pk": 56}, {"fields": {"students": [25, 28], "homework": 11, "number": 2}, "model": "videoclases.groupofstudents", "pk": 57}, {"fields": {"students": [16, 19], "homework": 11, "number": 6}, "model": "videoclases.groupofstudents", "pk": 58}, {"fields": {"students": [22, 26], "homework": 11, "number": 7}, "model": "videoclases.groupofstudents", "pk": 59}, {"fields": {"students": [29], "homework": 11, "number": 8}, "model": "videoclases.groupofstudents", "pk": 60}, {"fields": {"students": [21, 27], "homework": 11, "number": 5}, "model": "videoclases.groupofstudents", "pk": 61}, {"fields": {"students": [], "homework": 15, "number": 1}, "model": "videoclases.groupofstudents", "pk": 62}, {"fields": {"students": [36], "homework": 15, "number": 6}, "model": "videoclases.groupofstudents", "pk": 63}, {"fields": {"students": [38], "homework": 15, "number": 8}, "model": "videoclases.groupofstudents", "pk": 64}, {"fields": {"students": [37], "homework": 15, "number": 7}, "model": "videoclases.groupofstudents", "pk": 65}, {"fields": {"students": [32], "homework": 15, "number": 2}, "model": "videoclases.groupofstudents", "pk": 66}, {"fields": {"students": [33], "homework": 15, "number": 3}, "model": "videoclases.groupofstudents", "pk": 67}, {"fields": {"students": [], "homework": 15, "number": 5}, "model": "videoclases.groupofstudents", "pk": 68}, {"fields": {"students": [39], "homework": 15, "number": 9}, "model": "videoclases.groupofstudents", "pk": 69}, {"fields": {"students": [40], "homework": 15, "number": 10}, "model": "videoclases.groupofstudents", "pk": 70}, {"fields": {"students": [34], "homework": 15, "number": 4}, "model": "videoclases.groupofstudents", "pk": 71}, {"fields": {"students": [4, 10, 11, 13, 14], "homework": 16, "number": 2}, "model": "videoclases.groupofstudents", "pk": 72}, {"fields": {"students": [2, 5, 7, 8, 12], "homework": 16, "number": 1}, "model": "videoclases.groupofstudents", "pk": 73}, {"fields": {"students": [1, 3, 6, 9, 15], "homework": 16, "number": 3}, "model": "videoclases.groupofstudents", "pk": 74}, {"fields": {"students": [37, 40], "homework": 19, "number": 1}, "model": "videoclases.groupofstudents", "pk": 78}, {"fields": {"students": [35, 36], "homework": 19, "number": 3}, "model": "videoclases.groupofstudents", "pk": 79}, {"fields": {"students": [34, 38], "homework": 19, "number": 2}, "model": "videoclases.groupofstudents", "pk": 80}, {"fields": {"students": [31, 39], "homework": 19, "number": 5}, "model": "videoclases.groupofstudents", "pk": 81}, {"fields": {"students": [32, 33], "homework": 19, "number": 4}, "model": "videoclases.groupofstudents", "pk": 82}, {"fields": {"question": null, "video": null, "upload_students": null, "group": 16, "correct_alternative": null, "alternative_3": null, "alternative_2": null}, "model": "videoclases.videoclase", "pk": 1}, {"fields": {"question": null, "video": null, "upload_students": null, "group": 17, "correct_alternative": null, "alternative_3": null, "alternative_2": null}, "model": "videoclases.videoclase", "pk": 2}, {"fields": {"question": null, "video": null, "upload_students": null, "group": 18, "correct_alternative": null, "alternative_3": null, "alternative_2": null}, "model": "videoclases.videoclase", "pk": 3}, {"fields": {"question": null, "video": null, "upload_students": null, "group": 19, "correct_alternative": null, "alternative_3": null, "alternative_2": null}, "model": "videoclases.videoclase", "pk": 4}, {"fields": {"question": null, "video": null, "upload_students": null, "group": 20, "correct_alternative": null, "alternative_3": null, "alternative_2": null}, "model": "videoclases.videoclase", "pk": 5}, {"fields": {"question": null, "video": null, "upload_students": null, "group": 21, "correct_alternative": null, "alternative_3": null, "alternative_2": null}, "model": "videoclases.videoclase", "pk": 6}, {"fields": {"question": null, "video": null, "upload_students": null, "group": 22, "correct_alternative": null, "alternative_3": null, "alternative_2": null}, "model": "videoclases.videoclase", "pk": 7}, {"fields": {"question": null, "video": null, "upload_students": null, "group": 23, "correct_alternative": null, "alternative_3": null, "alternative_2": null}, "model": "videoclases.videoclase", "pk": 8}, {"fields": {"question": null, "video": null, "upload_students": null, "group": 24, "correct_alternative": null, "alternative_3": null, "alternative_2": null}, "model": "videoclases.videoclase", "pk": 9}, {"fields": {"question": null, "video": null, "upload_students": null, "group": 25, "correct_alternative": null, "alternative_3": null, "alternative_2": null}, "model": "videoclases.videoclase", "pk": 10}, {"fields": {"question": null, "video": null, "upload_students": null, "group": 26, "correct_alternative": null, "alternative_3": null, "alternative_2": null}, "model": "videoclases.videoclase", "pk": 11}, {"fields": {"question": null, "video": null, "upload_students": null, "group": 27, "correct_alternative": null, "alternative_3": null, "alternative_2": null}, "model": "videoclases.videoclase", "pk": 12}, {"fields": {"question": null, "video": null, "upload_students": null, "group": 28, "correct_alternative": null, "alternative_3": null, "alternative_2": null}, "model": "videoclases.videoclase", "pk": 13}, {"fields": {"question": null, "video": null, "upload_students": null, "group": 29, "correct_alternative": null, "alternative_3": null, "alternative_2": null}, "model": "videoclases.videoclase", "pk": 14}, {"fields": {"question": null, "video": null, "upload_students": null, "group": 30, "correct_alternative": null, "alternative_3": null, "alternative_2": null}, "model": "videoclases.videoclase", "pk": 15}, {"fields": {"question": null, "video": null, "upload_students": null, "group": 31, "correct_alternative": null, "alternative_3": null, "alternative_2": null}, "model": "videoclases.videoclase", "pk": 16}, {"fields": {"question": null, "video": null, "upload_students": null, "group": 32, "correct_alternative": null, "alternative_3": null, "alternative_2": null}, "model": "videoclases.videoclase", "pk": 17}, {"fields": {"question": null, "video": null, "upload_students": null, "group": 33, "correct_alternative": null, "alternative_3": null, "alternative_2": null}, "model": "videoclases.videoclase", "pk": 18}, {"fields": {"question": null, "video": null, "upload_students": null, "group": 34, "correct_alternative": null, "alternative_3": null, "alternative_2": null}, "model": "videoclases.videoclase", "pk": 19}, {"fields": {"question": null, "video": null, "upload_students": null, "group": 35, "correct_alternative": null, "alternative_3": null, "alternative_2": null}, "model": "videoclases.videoclase", "pk": 20}, {"fields": {"question": null, "video": null, "upload_students": null, "group": 36, "correct_alternative": null, "alternative_3": null, "alternative_2": null}, "model": "videoclases.videoclase", "pk": 21}, {"fields": {"question": null, "video": null, "upload_students": null, "group": 37, "correct_alternative": null, "alternative_3": null, "alternative_2": null}, "model": "videoclases.videoclase", "pk": 22}, {"fields": {"question": null, "video": null, "upload_students": null, "group": 38, "correct_alternative": null, "alternative_3": null, "alternative_2": null}, "model": "videoclases.videoclase", "pk": 23}, {"fields": {"question": null, "video": null, "upload_students": null, "group": 39, "correct_alternative": null, "alternative_3": null, "alternative_2": null}, "model": "videoclases.videoclase", "pk": 24}, {"fields": {"question": null, "video": null, "upload_students": null, "group": 40, "correct_alternative": null, "alternative_3": null, "alternative_2": null}, "model": "videoclases.videoclase", "pk": 25}, {"fields": {"question": null, "video": null, "upload_students": null, "group": 41, "correct_alternative": null, "alternative_3": null, "alternative_2": null}, "model": "videoclases.videoclase", "pk": 26}, {"fields": {"question": null, "video": null, "upload_students": null, "group": 42, "correct_alternative": null, "alternative_3": null, "alternative_2": null}, "model": "videoclases.videoclase", "pk": 27}, {"fields": {"question": null, "video": null, "upload_students": null, "group": 43, "correct_alternative": null, "alternative_3": null, "alternative_2": null}, "model": "videoclases.videoclase", "pk": 28}, {"fields": {"question": null, "video": null, "upload_students": null, "group": 44, "correct_alternative": null, "alternative_3": null, "alternative_2": null}, "model": "videoclases.videoclase", "pk": 29}, {"fields": {"question": null, "video": null, "upload_students": null, "group": 45, "correct_alternative": null, "alternative_3": null, "alternative_2": null}, "model": "videoclases.videoclase", "pk": 30}, {"fields": {"question": "a", "video": "https://www.youtube.com/embed/O1KW3ZkLtuo", "upload_students": "2016-07-28T14:49:27Z", "group": 46, "correct_alternative": "b", "alternative_3": "d", "alternative_2": "c"}, "model": "videoclases.videoclase", "pk": 31}, {"fields": {"question": "a", "video": "https://www.youtube.com/embed/0f679wqZttE", "upload_students": "2016-07-28T14:51:15Z", "group": 47, "correct_alternative": "b", "alternative_3": "d", "alternative_2": "c"}, "model": "videoclases.videoclase", "pk": 32}, {"fields": {"question": "a", "video": "https://www.youtube.com/embed/TV0QHKeHbs8", "upload_students": "2016-07-28T14:50:35Z", "group": 48, "correct_alternative": "b", "alternative_3": "d", "alternative_2": "c"}, "model": "videoclases.videoclase", "pk": 33}, {"fields": {"question": "a", "video": "https://www.youtube.com/embed/ekK7peRxKGc", "upload_students": "2016-07-28T14:50:18Z", "group": 49, "correct_alternative": "b", "alternative_3": "d", "alternative_2": "c"}, "model": "videoclases.videoclase", "pk": 34}, {"fields": {"question": "a", "video": "https://www.youtube.com/embed/qSNaN2rrB9A", "upload_students": "2016-07-28T14:49:44Z", "group": 50, "correct_alternative": "b", "alternative_3": "d", "alternative_2": "c"}, "model": "videoclases.videoclase", "pk": 35}, {"fields": {"question": "a", "video": "https://www.youtube.com/embed/seHr5Zscsfc", "upload_students": "2016-07-28T14:50:48Z", "group": 51, "correct_alternative": "b", "alternative_3": "d", "alternative_2": "c"}, "model": "videoclases.videoclase", "pk": 36}, {"fields": {"question": "a", "video": "https://www.youtube.com/embed/OnqnCoPLdyw", "upload_students": "2016-07-28T14:50:04Z", "group": 52, "correct_alternative": "b", "alternative_3": "d", "alternative_2": "c"}, "model": "videoclases.videoclase", "pk": 37}, {"fields": {"question": "a", "video": "https://www.youtube.com/embed/YDdueeBf7MY", "upload_students": "2016-07-28T14:51:29Z", "group": 53, "correct_alternative": "b", "alternative_3": "d", "alternative_2": "c"}, "model": "videoclases.videoclase", "pk": 38}, {"fields": {"question": null, "video": null, "upload_students": null, "group": 54, "correct_alternative": null, "alternative_3": null, "alternative_2": null}, "model": "videoclases.videoclase", "pk": 39}, {"fields": {"question": null, "video": null, "upload_students": null, "group": 55, "correct_alternative": null, "alternative_3": null, "alternative_2": null}, "model": "videoclases.videoclase", "pk": 40}, {"fields": {"question": null, "video": null, "upload_students": null, "group": 56, "correct_alternative": null, "alternative_3": null, "alternative_2": null}, "model": "videoclases.videoclase", "pk": 41}, {"fields": {"question": null, "video": null, "upload_students": null, "group": 57, "correct_alternative": null, "alternative_3": null, "alternative_2": null}, "model": "videoclases.videoclase", "pk": 42}, {"fields": {"question": null, "video": null, "upload_students": null, "group": 58, "correct_alternative": null, "alternative_3": null, "alternative_2": null}, "model": "videoclases.videoclase", "pk": 43}, {"fields": {"question": null, "video": null, "upload_students": null, "group": 59, "correct_alternative": null, "alternative_3": null, "alternative_2": null}, "model": "videoclases.videoclase", "pk": 44}, {"fields": {"question": null, "video": null, "upload_students": null, "group": 60, "correct_alternative": null, "alternative_3": null, "alternative_2": null}, "model": "videoclases.videoclase", "pk": 45}, {"fields": {"question": null, "video": null, "upload_students": null, "group": 61, "correct_alternative": null, "alternative_3": null, "alternative_2": null}, "model": "videoclases.videoclase", "pk": 46}, {"fields": {"question": null, "video": null, "upload_students": null, "group": 62, "correct_alternative": null, "alternative_3": null, "alternative_2": null}, "model": "videoclases.videoclase", "pk": 47}, {"fields": {"question": null, "video": null, "upload_students": null, "group": 63, "correct_alternative": null, "alternative_3": null, "alternative_2": null}, "model": "videoclases.videoclase", "pk": 48}, {"fields": {"question": null, "video": null, "upload_students": null, "group": 64, "correct_alternative": null, "alternative_3": null, "alternative_2": null}, "model": "videoclases.videoclase", "pk": 49}, {"fields": {"question": null, "video": null, "upload_students": null, "group": 65, "correct_alternative": null, "alternative_3": null, "alternative_2": null}, "model": "videoclases.videoclase", "pk": 50}, {"fields": {"question": null, "video": null, "upload_students": null, "group": 66, "correct_alternative": null, "alternative_3": null, "alternative_2": null}, "model": "videoclases.videoclase", "pk": 51}, {"fields": {"question": null, "video": null, "upload_students": null, "group": 67, "correct_alternative": null, "alternative_3": null, "alternative_2": null}, "model": "videoclases.videoclase", "pk": 52}, {"fields": {"question": null, "video": null, "upload_students": null, "group": 68, "correct_alternative": null, "alternative_3": null, "alternative_2": null}, "model": "videoclases.videoclase", "pk": 53}, {"fields": {"question": null, "video": null, "upload_students": null, "group": 69, "correct_alternative": null, "alternative_3": null, "alternative_2": null}, "model": "videoclases.videoclase", "pk": 54}, {"fields": {"question": null, "video": null, "upload_students": null, "group": 70, "correct_alternative": null, "alternative_3": null, "alternative_2": null}, "model": "videoclases.videoclase", "pk": 55}, {"fields": {"question": null, "video": null, "upload_students": null, "group": 71, "correct_alternative": null, "alternative_3": null, "alternative_2": null}, "model": "videoclases.videoclase", "pk": 56}, {"fields": {"question": "\u00bfCu\u00e1nto tiempo aproximadamente se fr\u00ede el huevo?", "video": "https://www.youtube.com/embed/m1AOoX9MPd4", "upload_students": "2016-08-04T21:43:06Z", "group": 72, "correct_alternative": "Un par de minutos", "alternative_3": "Doce horas", "alternative_2": "Tres horas"}, "model": "videoclases.videoclase", "pk": 57}, {"fields": {"question": "\u00bfQu\u00e9 no se usa al fre\u00edr un huevo?", "video": "https://www.youtube.com/embed/Z3GxcewPOEY", "upload_students": "2016-08-04T21:42:05Z", "group": 73, "correct_alternative": "Un l\u00e1piz pasta", "alternative_3": "Aceite", "alternative_2": "Huevo"}, "model": "videoclases.videoclase", "pk": 58}, {"fields": {"question": "\u00bfQu\u00e9 instrumento se usa para fre\u00edr un huevo?", "video": "https://www.youtube.com/embed/uxQPxWw93I0", "upload_students": "2016-08-04T21:45:01Z", "group": 74, "correct_alternative": "Sart\u00e9n", "alternative_3": "Juguera", "alternative_2": "Olla a presi\u00f3n"}, "model": "videoclases.videoclase", "pk": 59}, {"fields": {"question": null, "video": null, "upload_students": null, "group": 78, "correct_alternative": null, "alternative_3": null, "alternative_2": null}, "model": "videoclases.videoclase", "pk": 63}, {"fields": {"question": null, "video": null, "upload_students": null, "group": 79, "correct_alternative": null, "alternative_3": null, "alternative_2": null}, "model": "videoclases.videoclase", "pk": 64}, {"fields": {"question": null, "video": null, "upload_students": null, "group": 80, "correct_alternative": null, "alternative_3": null, "alternative_2": null}, "model": "videoclases.videoclase", "pk": 65}, {"fields": {"question": null, "video": null, "upload_students": null, "group": 81, "correct_alternative": null, "alternative_3": null, "alternative_2": null}, "model": "videoclases.videoclase", "pk": 66}, {"fields": {"question": null, "video": null, "upload_students": null, "group": 82, "correct_alternative": null, "alternative_3": null, "alternative_2": null}, "model": "videoclases.videoclase", "pk": 67}, {"fields": {"teacher_score": 0.0, "class_score": 0.0, "group": 16}, "model": "videoclases.finalscores", "pk": 1}, {"fields": {"teacher_score": 0.0, "class_score": 0.0, "group": 17}, "model": "videoclases.finalscores", "pk": 2}, {"fields": {"teacher_score": 0.0, "class_score": 0.0, "group": 18}, "model": "videoclases.finalscores", "pk": 3}, {"fields": {"teacher_score": 0.0, "class_score": 0.0, "group": 19}, "model": "videoclases.finalscores", "pk": 4}, {"fields": {"teacher_score": 0.0, "class_score": 0.0, "group": 20}, "model": "videoclases.finalscores", "pk": 5}, {"fields": {"teacher_score": 0.0, "class_score": 0.0, "group": 21}, "model": "videoclases.finalscores", "pk": 6}, {"fields": {"teacher_score": 0.0, "class_score": 0.0, "group": 22}, "model": "videoclases.finalscores", "pk": 7}, {"fields": {"teacher_score": 0.0, "class_score": 0.0, "group": 23}, "model": "videoclases.finalscores", "pk": 8}, {"fields": {"teacher_score": 0.0, "class_score": 0.0, "group": 24}, "model": "videoclases.finalscores", "pk": 9}, {"fields": {"teacher_score": 0.0, "class_score": 0.0, "group": 25}, "model": "videoclases.finalscores", "pk": 10}, {"fields": {"teacher_score": 0.0, "class_score": 0.0, "group": 26}, "model": "videoclases.finalscores", "pk": 11}, {"fields": {"teacher_score": 0.0, "class_score": 0.0, "group": 27}, "model": "videoclases.finalscores", "pk": 12}, {"fields": {"teacher_score": 0.0, "class_score": 0.0, "group": 28}, "model": "videoclases.finalscores", "pk": 13}, {"fields": {"teacher_score": 0.0, "class_score": 0.0, "group": 29}, "model": "videoclases.finalscores", "pk": 14}, {"fields": {"teacher_score": 0.0, "class_score": 0.0, "group": 30}, "model": "videoclases.finalscores", "pk": 15}, {"fields": {"teacher_score": 0.0, "class_score": 0.0, "group": 31}, "model": "videoclases.finalscores", "pk": 16}, {"fields": {"teacher_score": 0.0, "class_score": 0.0, "group": 32}, "model": "videoclases.finalscores", "pk": 17}, {"fields": {"teacher_score": 0.0, "class_score": 0.0, "group": 33}, "model": "videoclases.finalscores", "pk": 18}, {"fields": {"teacher_score": 0.0, "class_score": 0.0, "group": 34}, "model": "videoclases.finalscores", "pk": 19}, {"fields": {"teacher_score": 0.0, "class_score": 0.0, "group": 35}, "model": "videoclases.finalscores", "pk": 20}, {"fields": {"teacher_score": 0.0, "class_score": 0.0, "group": 36}, "model": "videoclases.finalscores", "pk": 21}, {"fields": {"teacher_score": 0.0, "class_score": 0.0, "group": 37}, "model": "videoclases.finalscores", "pk": 22}, {"fields": {"teacher_score": 0.0, "class_score": 0.0, "group": 38}, "model": "videoclases.finalscores", "pk": 23}, {"fields": {"teacher_score": 0.0, "class_score": 0.0, "group": 39}, "model": "videoclases.finalscores", "pk": 24}, {"fields": {"teacher_score": 0.0, "class_score": 0.0, "group": 40}, "model": "videoclases.finalscores", "pk": 25}, {"fields": {"teacher_score": 0.0, "class_score": 0.0, "group": 41}, "model": "videoclases.finalscores", "pk": 26}, {"fields": {"teacher_score": 0.0, "class_score": 0.0, "group": 42}, "model": "videoclases.finalscores", "pk": 27}, {"fields": {"teacher_score": 0.0, "class_score": 0.0, "group": 43}, "model": "videoclases.finalscores", "pk": 28}, {"fields": {"teacher_score": 0.0, "class_score": 0.0, "group": 44}, "model": "videoclases.finalscores", "pk": 29}, {"fields": {"teacher_score": 0.0, "class_score": 0.0, "group": 45}, "model": "videoclases.finalscores", "pk": 30}, {"fields": {"teacher_score": 1.4, "class_score": 0.0, "group": 46}, "model": "videoclases.finalscores", "pk": 31}, {"fields": {"teacher_score": 0.0, "class_score": 0.0, "group": 47}, "model": "videoclases.finalscores", "pk": 32}, {"fields": {"teacher_score": 0.0, "class_score": 0.0, "group": 48}, "model": "videoclases.finalscores", "pk": 33}, {"fields": {"teacher_score": 0.0, "class_score": 0.0, "group": 49}, "model": "videoclases.finalscores", "pk": 34}, {"fields": {"teacher_score": 0.0, "class_score": 0.0, "group": 50}, "model": "videoclases.finalscores", "pk": 35}, {"fields": {"teacher_score": 0.0, "class_score": 0.0, "group": 51}, "model": "videoclases.finalscores", "pk": 36}, {"fields": {"teacher_score": 0.0, "class_score": 0.0, "group": 52}, "model": "videoclases.finalscores", "pk": 37}, {"fields": {"teacher_score": 0.0, "class_score": 0.0, "group": 53}, "model": "videoclases.finalscores", "pk": 38}, {"fields": {"teacher_score": 0.0, "class_score": 0.0, "group": 54}, "model": "videoclases.finalscores", "pk": 39}, {"fields": {"teacher_score": 0.0, "class_score": 0.0, "group": 55}, "model": "videoclases.finalscores", "pk": 40}, {"fields": {"teacher_score": 0.0, "class_score": 0.0, "group": 56}, "model": "videoclases.finalscores", "pk": 41}, {"fields": {"teacher_score": 0.0, "class_score": 0.0, "group": 57}, "model": "videoclases.finalscores", "pk": 42}, {"fields": {"teacher_score": 0.0, "class_score": 0.0, "group": 58}, "model": "videoclases.finalscores", "pk": 43}, {"fields": {"teacher_score": 0.0, "class_score": 0.0, "group": 59}, "model": "videoclases.finalscores", "pk": 44}, {"fields": {"teacher_score": 0.0, "class_score": 0.0, "group": 60}, "model": "videoclases.finalscores", "pk": 45}, {"fields": {"teacher_score": 0.0, "class_score": 0.0, "group": 61}, "model": "videoclases.finalscores", "pk": 46}, {"fields": {"teacher_score": 0.0, "class_score": 0.0, "group": 62}, "model": "videoclases.finalscores", "pk": 47}, {"fields": {"teacher_score": 0.0, "class_score": 0.0, "group": 63}, "model": "videoclases.finalscores", "pk": 48}, {"fields": {"teacher_score": 0.0, "class_score": 0.0, "group": 64}, "model": "videoclases.finalscores", "pk": 49}, {"fields": {"teacher_score": 0.0, "class_score": 0.0, "group": 65}, "model": "videoclases.finalscores", "pk": 50}, {"fields": {"teacher_score": 0.0, "class_score": 0.0, "group": 66}, "model": "videoclases.finalscores", "pk": 51}, {"fields": {"teacher_score": 0.0, "class_score": 0.0, "group": 67}, "model": "videoclases.finalscores", "pk": 52}, {"fields": {"teacher_score": 0.0, "class_score": 0.0, "group": 68}, "model": "videoclases.finalscores", "pk": 53}, {"fields": {"teacher_score": 0.0, "class_score": 0.0, "group": 69}, "model": "videoclases.finalscores", "pk": 54}, {"fields": {"teacher_score": 0.0, "class_score": 0.0, "group": 70}, "model": "videoclases.finalscores", "pk": 55}, {"fields": {"teacher_score": 0.0, "class_score": 0.0, "group": 71}, "model": "videoclases.finalscores", "pk": 56}, {"fields": {"teacher_score": 6.1, "class_score": 0.0, "group": 72}, "model": "videoclases.finalscores", "pk": 57}, {"fields": {"teacher_score": 5.3, "class_score": 0.0, "group": 73}, "model": "videoclases.finalscores", "pk": 58}, {"fields": {"teacher_score": 4.0, "class_score": 0.0, "group": 74}, "model": "videoclases.finalscores", "pk": 59}, {"fields": {"teacher_score": 0.0, "class_score": 0.0, "group": 78}, "model": "videoclases.finalscores", "pk": 63}, {"fields": {"teacher_score": 0.0, "class_score": 0.0, "group": 79}, "model": "videoclases.finalscores", "pk": 64}, {"fields": {"teacher_score": 0.0, "class_score": 0.0, "group": 80}, "model": "videoclases.finalscores", "pk": 65}, {"fields": {"teacher_score": 0.0, "class_score": 0.0, "group": 81}, "model": "videoclases.finalscores", "pk": 66}, {"fields": {"teacher_score": 0.0, "class_score": 0.0, "group": 82}, "model": "videoclases.finalscores", "pk": 67}, {"fields": {"author": 4, "videoclase": 33, "value": 0}, "model": "videoclases.studentevaluations", "pk": 22}, {"fields": {"author": 4, "videoclase": 35, "value": 0}, "model": "videoclases.studentevaluations", "pk": 23}, {"fields": {"author": 4, "videoclase": 38, "value": 0}, "model": "videoclases.studentevaluations", "pk": 24}, {"fields": {"author": 1, "videoclase": 38, "value": -1}, "model": "videoclases.studentevaluations", "pk": 25}, {"fields": {"author": 1, "videoclase": 37, "value": 0}, "model": "videoclases.studentevaluations", "pk": 26}, {"fields": {"author": 1, "videoclase": 36, "value": 0}, "model": "videoclases.studentevaluations", "pk": 27}, {"fields": {"author": 1, "videoclase": 35, "value": 0}, "model": "videoclases.studentevaluations", "pk": 28}, {"fields": {"author": 1, "videoclase": 34, "value": 1}, "model": "videoclases.studentevaluations", "pk": 29}, {"fields": {"author": 3, "videoclase": 38, "value": -1}, "model": "videoclases.studentevaluations", "pk": 30}, {"fields": {"author": 3, "videoclase": 33, "value": -1}, "model": "videoclases.studentevaluations", "pk": 31}, {"fields": {"author": 3, "videoclase": 35, "value": 1}, "model": "videoclases.studentevaluations", "pk": 32}, {"fields": {"author": 3, "videoclase": 31, "value": 0}, "model": "videoclases.studentevaluations", "pk": 33}, {"fields": {"author": 2, "videoclase": 38, "value": 1}, "model": "videoclases.studentevaluations", "pk": 34}, {"fields": {"author": 2, "videoclase": 32, "value": 1}, "model": "videoclases.studentevaluations", "pk": 35}, {"fields": {"author": 2, "videoclase": 34, "value": -1}, "model": "videoclases.studentevaluations", "pk": 36}, {"fields": {"author": 2, "videoclase": 33, "value": 0}, "model": "videoclases.studentevaluations", "pk": 37}, {"fields": {"author": 2, "videoclase": 36, "value": 0}, "model": "videoclases.studentevaluations", "pk": 38}, {"fields": {"student": 1, "videoclase": 33, "answer": "c"}, "model": "videoclases.studentresponses", "pk": 5}, {"fields": {"student": 1, "videoclase": 35, "answer": "c"}, "model": "videoclases.studentresponses", "pk": 6}, {"fields": {"student": 1, "videoclase": 37, "answer": "c"}, "model": "videoclases.studentresponses", "pk": 7}, {"fields": {"student": 1, "videoclase": 38, "answer": "d"}, "model": "videoclases.studentresponses", "pk": 8}, {"fields": {"student": 1, "videoclase": 34, "answer": "d"}, "model": "videoclases.studentresponses", "pk": 9}, {"fields": {"student": 1, "videoclase": 36, "answer": "b"}, "model": "videoclases.studentresponses", "pk": 10}, {"fields": {"student": 1, "videoclase": 32, "answer": "d"}, "model": "videoclases.studentresponses", "pk": 11}, {"fields": {"student": 3, "videoclase": 31, "answer": "b"}, "model": "videoclases.studentresponses", "pk": 12}, {"fields": {"student": 2, "videoclase": 34, "answer": "b"}, "model": "videoclases.studentresponses", "pk": 13}, {"fields": {"student": 2, "videoclase": 38, "answer": "c"}, "model": "videoclases.studentresponses", "pk": 14}, {"fields": {"student": 2, "videoclase": 36, "answer": "d"}, "model": "videoclases.studentresponses", "pk": 15}, {"fields": {"student": 2, "videoclase": 31, "answer": "d"}, "model": "videoclases.studentresponses", "pk": 16}, {"fields": {"student": 2, "videoclase": 33, "answer": "b"}, "model": "videoclases.studentresponses", "pk": 17}, {"fields": {"student": 3, "videoclase": 35, "answer": "c"}, "model": "videoclases.studentresponses", "pk": 18}, {"fields": {"student": 3, "videoclase": 33, "answer": "d"}, "model": "videoclases.studentresponses", "pk": 19}, {"fields": {"student": 3, "videoclase": 38, "answer": "d"}, "model": "videoclases.studentresponses", "pk": 20}, {"fields": {"student": 4, "videoclase": 32, "answer": "b"}, "model": "videoclases.studentresponses", "pk": 21}, {"fields": {"student": 4, "videoclase": 31, "answer": "c"}, "model": "videoclases.studentresponses", "pk": 22}, {"fields": {"student": 4, "videoclase": 33, "answer": "b"}, "model": "videoclases.studentresponses", "pk": 23}, {"fields": {"student": 4, "videoclase": 35, "answer": "d"}, "model": "videoclases.studentresponses", "pk": 24}, {"fields": {"student": 4, "videoclase": 38, "answer": "c"}, "model": "videoclases.studentresponses", "pk": 25}, {"fields": {"student": 2, "videoclase": 32, "answer": "b"}, "model": "videoclases.studentresponses", "pk": 26}, {"fields": {"codename": "add_logentry", "name": "Can add log entry", "content_type": 1}, "model": "auth.permission", "pk": 1}, {"fields": {"codename": "change_logentry", "name": "Can change log entry", "content_type": 1}, "model": "auth.permission", "pk": 2}, {"fields": {"codename": "delete_logentry", "name": "Can delete log entry", "content_type": 1}, "model": "auth.permission", "pk": 3}, {"fields": {"codename": "add_permission", "name": "Can add permission", "content_type": 2}, "model": "auth.permission", "pk": 4}, {"fields": {"codename": "change_permission", "name": "Can change permission", "content_type": 2}, "model": "auth.permission", "pk": 5}, {"fields": {"codename": "delete_permission", "name": "Can delete permission", "content_type": 2}, "model": "auth.permission", "pk": 6}, {"fields": {"codename": "add_group", "name": "Can add group", "content_type": 3}, "model": "auth.permission", "pk": 7}, {"fields": {"codename": "change_group", "name": "Can change group", "content_type": 3}, "model": "auth.permission", "pk": 8}, {"fields": {"codename": "delete_group", "name": "Can delete group", "content_type": 3}, "model": "auth.permission", "pk": 9}, {"fields": {"codename": "add_user", "name": "Can add user", "content_type": 4}, "model": "auth.permission", "pk": 10}, {"fields": {"codename": "change_user", "name": "Can change user", "content_type": 4}, "model": "auth.permission", "pk": 11}, {"fields": {"codename": "delete_user", "name": "Can delete user", "content_type": 4}, "model": "auth.permission", "pk": 12}, {"fields": {"codename": "add_contenttype", "name": "Can add content type", "content_type": 5}, "model": "auth.permission", "pk": 13}, {"fields": {"codename": "change_contenttype", "name": "Can change content type", "content_type": 5}, "model": "auth.permission", "pk": 14}, {"fields": {"codename": "delete_contenttype", "name": "Can delete content type", "content_type": 5}, "model": "auth.permission", "pk": 15}, {"fields": {"codename": "add_session", "name": "Can add session", "content_type": 6}, "model": "auth.permission", "pk": 16}, {"fields": {"codename": "change_session", "name": "Can change session", "content_type": 6}, "model": "auth.permission", "pk": 17}, {"fields": {"codename": "delete_session", "name": "Can delete session", "content_type": 6}, "model": "auth.permission", "pk": 18}, {"fields": {"codename": "add_colegio", "name": "Can add school", "content_type": 7}, "model": "auth.permission", "pk": 19}, {"fields": {"codename": "change_colegio", "name": "Can change school", "content_type": 7}, "model": "auth.permission", "pk": 20}, {"fields": {"codename": "delete_colegio", "name": "Can delete school", "content_type": 7}, "model": "auth.permission", "pk": 21}, {"fields": {"codename": "add_curso", "name": "Can add course", "content_type": 8}, "model": "auth.permission", "pk": 22}, {"fields": {"codename": "change_curso", "name": "Can change course", "content_type": 8}, "model": "auth.permission", "pk": 23}, {"fields": {"codename": "delete_curso", "name": "Can delete course", "content_type": 8}, "model": "auth.permission", "pk": 24}, {"fields": {"codename": "add_tarea", "name": "Can add homework", "content_type": 10}, "model": "auth.permission", "pk": 28}, {"fields": {"codename": "change_tarea", "name": "Can change homework", "content_type": 10}, "model": "auth.permission", "pk": 29}, {"fields": {"codename": "delete_tarea", "name": "Can delete homework", "content_type": 10}, "model": "auth.permission", "pk": 30}, {"fields": {"codename": "add_profesor", "name": "Can add teacher", "content_type": 11}, "model": "auth.permission", "pk": 31}, {"fields": {"codename": "change_profesor", "name": "Can change teacher", "content_type": 11}, "model": "auth.permission", "pk": 32}, {"fields": {"codename": "delete_profesor", "name": "Can delete teacher", "content_type": 11}, "model": "auth.permission", "pk": 33}, {"fields": {"codename": "add_grupo", "name": "Can add group", "content_type": 13}, "model": "auth.permission", "pk": 37}, {"fields": {"codename": "change_grupo", "name": "Can change group", "content_type": 13}, "model": "auth.permission", "pk": 38}, {"fields": {"codename": "delete_grupo", "name": "Can delete group", "content_type": 13}, "model": "auth.permission", "pk": 39}, {"fields": {"codename": "add_alumno", "name": "Can add student", "content_type": 14}, "model": "auth.permission", "pk": 40}, {"fields": {"codename": "change_alumno", "name": "Can change student", "content_type": 14}, "model": "auth.permission", "pk": 41}, {"fields": {"codename": "delete_alumno", "name": "Can delete student", "content_type": 14}, "model": "auth.permission", "pk": 42}, {"fields": {"codename": "add_notasfinales", "name": "Can add notas finales", "content_type": 15}, "model": "auth.permission", "pk": 43}, {"fields": {"codename": "change_notasfinales", "name": "Can change notas finales", "content_type": 15}, "model": "auth.permission", "pk": 44}, {"fields": {"codename": "delete_notasfinales", "name": "Can delete notas finales", "content_type": 15}, "model": "auth.permission", "pk": 45}, {"fields": {"codename": "add_evaluacionesdealumnos", "name": "Can add evaluations de students", "content_type": 16}, "model": "auth.permission", "pk": 46}, {"fields": {"codename": "change_evaluacionesdealumnos", "name": "Can change evaluations de students", "content_type": 16}, "model": "auth.permission", "pk": 47}, {"fields": {"codename": "delete_evaluacionesdealumnos", "name": "Can delete evaluations de students", "content_type": 16}, "model": "auth.permission", "pk": 48}, {"fields": {"codename": "add_videoclase", "name": "Can add video clase", "content_type": 17}, "model": "auth.permission", "pk": 49}, {"fields": {"codename": "change_videoclase", "name": "Can change video clase", "content_type": 17}, "model": "auth.permission", "pk": 50}, {"fields": {"codename": "delete_videoclase", "name": "Can delete video clase", "content_type": 17}, "model": "auth.permission", "pk": 51}, {"fields": {"codename": "add_respuestasdealumnos", "name": "Can add respuestas de students", "content_type": 18}, "model": "auth.permission", "pk": 52}, {"fields": {"codename": "change_respuestasdealumnos", "name": "Can change respuestas de students", "content_type": 18}, "model": "auth.permission", "pk": 53}, {"fields": {"codename": "delete_respuestasdealumnos", "name": "Can delete respuestas de students", "content_type": 18}, "model": "auth.permission", "pk": 54}, {"fields": {"name": "Profesores", "permissions": []}, "model": "auth.group", "pk": 1}, {"fields": {"name": "Alumnos", "permissions": []}, "model": "auth.group", "pk": 2}, {"fields": {"username": "admin", "first_name": "", "last_name": "", "is_active": true, "is_superuser": true, "is_staff": true, "last_login": "2016-08-04T20:40:22.086Z", "groups": [], "user_permissions": [], "password": "pbkdf2_sha256$20000$vORloUm6iVeD$Crf9S0RLroWUyqZ8fm32MtlkPAoSgmxe0Pp6eiokQSQ=", "email": "admin@admin.admin", "date_joined": "2016-07-08T20:05:47.787Z"}, "model": "auth.user", "pk": 1}, {"fields": {"username": "profe", "first_name": "Profesor", "last_name": "Jirafales", "is_active": true, "is_superuser": false, "is_staff": false, "last_login": "2016-08-04T22:41:45.716Z", "groups": [1], "user_permissions": [], "password": "pbkdf2_sha256$20000$1DnBWsSxSJ9i$EAcgUXWWrcqRTvdFTXKdWPHDfBvV2QEDitb810vl/hk=", "email": "profe@profe.com", "date_joined": "2016-07-08T20:06:03Z"}, "model": "auth.user", "pk": 2}, {"fields": {"username": "student", "first_name": "Alumno", "last_name": "Responsable", "is_active": true, "is_superuser": false, "is_staff": false, "last_login": "2016-07-08T23:06:40.247Z", "groups": [2], "user_permissions": [], "password": "pbkdf2_sha256$20000$51psGGqkBYim$TevndYx3/l0dHawHSNWaq36wKuYFhp0ZPpNsTbUJMzs=", "email": "student@student.com", "date_joined": "2016-07-08T20:06:24Z"}, "model": "auth.user", "pk": 3}, {"fields": {"username": "alumno1", "first_name": "alumno1", "last_name": "alumno1", "is_active": true, "is_superuser": false, "is_staff": false, "last_login": "2016-08-04T21:45:35.005Z", "groups": [2], "user_permissions": [], "password": "pbkdf2_sha256$20000$8IcUA5aznYej$0GOqtpZBz3dy+BLVJwbvT/hRL7kPBk9kHIL6TE2I0Rg=", "email": "", "date_joined": "2016-07-08T20:53:06.554Z"}, "model": "auth.user", "pk": 4}, {"fields": {"username": "alumno2", "first_name": "alumno2", "last_name": "alumno2", "is_active": true, "is_superuser": false, "is_staff": false, "last_login": "2016-08-03T17:22:12.539Z", "groups": [2], "user_permissions": [], "password": "pbkdf2_sha256$20000$Qap0kEQR5dtx$Cc7EO1kvKPB2V9gv/MqsioSoRHzdJ+KTIbN6/nYsQ/Q=", "email": "", "date_joined": "2016-07-08T20:53:06.832Z"}, "model": "auth.user", "pk": 5}, {"fields": {"username": "alumno3", "first_name": "alumno3", "last_name": "alumno3", "is_active": true, "is_superuser": false, "is_staff": false, "last_login": "2016-08-03T17:21:47.871Z", "groups": [2], "user_permissions": [], "password": "pbkdf2_sha256$20000$3W7XZKcseAEg$8uziCFW0NYm64K+R1G+Jc1D2Xz6vwGsbhepFEV8aDAw=", "email": "", "date_joined": "2016-07-08T20:53:07.110Z"}, "model": "auth.user", "pk": 6}, {"fields": {"username": "alumno4", "first_name": "alumno4", "last_name": "alumno4", "is_active": true, "is_superuser": false, "is_staff": false, "last_login": "2016-08-03T16:51:52.168Z", "groups": [2], "user_permissions": [], "password": "pbkdf2_sha256$20000$GJnSwMSIOGBH$PgsOZLOuBCjDzW5y14y7JYXUOoUkB3vRbQFw48Of1pg=", "email": "", "date_joined": "2016-07-08T20:53:07.423Z"}, "model": "auth.user", "pk": 7}, {"fields": {"username": "alumno5", "first_name": "alumno5", "last_name": "alumno5", "is_active": true, "is_superuser": false, "is_staff": false, "last_login": null, "groups": [2], "user_permissions": [], "password": "pbkdf2_sha256$20000$ZsS0ZFC0JfFA$19O5XoCBxwn/u5VHSkPhtOfr+B7R7FFkN/twzddXrMQ=", "email": "", "date_joined": "2016-07-08T20:53:07.668Z"}, "model": "auth.user", "pk": 8}, {"fields": {"username": "alumno6", "first_name": "alumno6", "last_name": "alumno6", "is_active": true, "is_superuser": false, "is_staff": false, "last_login": null, "groups": [2], "user_permissions": [], "password": "pbkdf2_sha256$20000$kX8uzQuvat5C$OYeUZqVFT8+qzkF3sCNUgKKeorIKy4j2aK8T0bZOFWA=", "email": "", "date_joined": "2016-07-08T20:53:07.969Z"}, "model": "auth.user", "pk": 9}, {"fields": {"username": "alumno7", "first_name": "alumno7", "last_name": "alumno7", "is_active": true, "is_superuser": false, "is_staff": false, "last_login": null, "groups": [2], "user_permissions": [], "password": "pbkdf2_sha256$20000$5c8HDCbYctcl$U4POyjTr0BuSsZHAstsUyK+H4d4rXCqkVu6rrsE0LtA=", "email": "", "date_joined": "2016-07-08T20:53:08.269Z"}, "model": "auth.user", "pk": 10}, {"fields": {"username": "alumno8", "first_name": "alumno8", "last_name": "alumno8", "is_active": true, "is_superuser": false, "is_staff": false, "last_login": null, "groups": [2], "user_permissions": [], "password": "pbkdf2_sha256$20000$t9OhyLaguxIe$hglCOFie/+guWZLpLbXlcQct3sE0c1i7iCceLQ2AI3U=", "email": "", "date_joined": "2016-07-08T20:53:08.525Z"}, "model": "auth.user", "pk": 11}, {"fields": {"username": "alumno9", "first_name": "alumno9", "last_name": "alumno9", "is_active": true, "is_superuser": false, "is_staff": false, "last_login": null, "groups": [2], "user_permissions": [], "password": "pbkdf2_sha256$20000$CbYYdWZU9Yg7$xNOSY7EV0BAH5Glp4e5d8bimD3BbXeLLj1Wq/iTdWWs=", "email": "", "date_joined": "2016-07-08T20:53:08.781Z"}, "model": "auth.user", "pk": 12}, {"fields": {"username": "alumno10", "first_name": "alumno10", "last_name": "alumno10", "is_active": true, "is_superuser": false, "is_staff": false, "last_login": null, "groups": [2], "user_permissions": [], "password": "pbkdf2_sha256$20000$ZWlvFrInBnoE$nDpzU/Z1iEb7+8ss+EnQc+UezPdfmyImuxX8YxJVkEU=", "email": "", "date_joined": "2016-07-08T20:53:09.037Z"}, "model": "auth.user", "pk": 13}, {"fields": {"username": "alumno11", "first_name": "alumno11", "last_name": "alumno11", "is_active": true, "is_superuser": false, "is_staff": false, "last_login": null, "groups": [2], "user_permissions": [], "password": "pbkdf2_sha256$20000$2c3tSOfuWGwF$z9kFCqmLJGo0KsNGN7OKqGty1BcgR156wFJqy+8k++E=", "email": "", "date_joined": "2016-07-08T20:53:09.304Z"}, "model": "auth.user", "pk": 14}, {"fields": {"username": "alumno12", "first_name": "alumno12", "last_name": "alumno12", "is_active": true, "is_superuser": false, "is_staff": false, "last_login": null, "groups": [2], "user_permissions": [], "password": "pbkdf2_sha256$20000$gYYsVAY6XDR1$Pskwci3upBIJEk/6Un5YwGYACg4/wlXTq5jhOY/4dN4=", "email": "", "date_joined": "2016-07-08T20:53:09.550Z"}, "model": "auth.user", "pk": 15}, {"fields": {"username": "alumno13", "first_name": "alumno13", "last_name": "alumno13", "is_active": true, "is_superuser": false, "is_staff": false, "last_login": null, "groups": [2], "user_permissions": [], "password": "pbkdf2_sha256$20000$nAnTMfQjgwet$RMqbb86cT3EdZPlnGP+PZ1KsR5s0HbAKPkZljHQljd4=", "email": "", "date_joined": "2016-07-08T20:53:09.829Z"}, "model": "auth.user", "pk": 16}, {"fields": {"username": "alumno14", "first_name": "alumno14", "last_name": "alumno14", "is_active": true, "is_superuser": false, "is_staff": false, "last_login": null, "groups": [2], "user_permissions": [], "password": "pbkdf2_sha256$20000$w5RKIww9BwCD$duX8TJvQ/Dx9sVPBECU3VsZvZ19ztlWmwj7HPywXxHY=", "email": "", "date_joined": "2016-07-08T20:53:10.085Z"}, "model": "auth.user", "pk": 17}, {"fields": {"username": "alumno15", "first_name": "alumno15", "last_name": "alumno15", "is_active": true, "is_superuser": false, "is_staff": false, "last_login": null, "groups": [2], "user_permissions": [], "password": "pbkdf2_sha256$20000$8DO5BwIUgEI8$pXm3zIBix+CinKUKxWSIzc2GTZjLd91KlW3f1zCYXwI=", "email": "", "date_joined": "2016-07-08T20:53:10.341Z"}, "model": "auth.user", "pk": 18}, {"fields": {"username": "alumno16", "first_name": "alumno16", "last_name": "alumno16", "is_active": true, "is_superuser": false, "is_staff": false, "last_login": null, "groups": [2], "user_permissions": [], "password": "pbkdf2_sha256$20000$ixW6oQHfpkXf$5497NbDOVGid2ZTz6xzUufQeEqLLdoPw0CVYpdOZ9ps=", "email": "", "date_joined": "2016-07-08T20:53:10.596Z"}, "model": "auth.user", "pk": 19}, {"fields": {"username": "alumno17", "first_name": "alumno17", "last_name": "alumno17", "is_active": true, "is_superuser": false, "is_staff": false, "last_login": null, "groups": [2], "user_permissions": [], "password": "pbkdf2_sha256$20000$Wtelu65QttSJ$Y4TMaddsFxewUbVoXzQJCVum7I5wMXD2VQE1/MoyQbc=", "email": "", "date_joined": "2016-07-08T20:53:10.875Z"}, "model": "auth.user", "pk": 20}, {"fields": {"username": "alumno18", "first_name": "alumno18", "last_name": "alumno18", "is_active": true, "is_superuser": false, "is_staff": false, "last_login": null, "groups": [2], "user_permissions": [], "password": "pbkdf2_sha256$20000$6U1e0imBREPD$wovtggdNWAKi051/lDhZ6nS2ARnyN5OmMUPJKhG90MQ=", "email": "", "date_joined": "2016-07-08T20:53:11.142Z"}, "model": "auth.user", "pk": 21}, {"fields": {"username": "alumno19", "first_name": "alumno19", "last_name": "alumno19", "is_active": true, "is_superuser": false, "is_staff": false, "last_login": null, "groups": [2], "user_permissions": [], "password": "pbkdf2_sha256$20000$94tZZuGBlOmu$NibeSZ/hsrUQSD8mIPYh+C8f1/COMEgwXcXMmX0XRn8=", "email": "", "date_joined": "2016-07-08T20:53:11.398Z"}, "model": "auth.user", "pk": 22}, {"fields": {"username": "alumno20", "first_name": "alumno20", "last_name": "alumno20", "is_active": true, "is_superuser": false, "is_staff": false, "last_login": null, "groups": [2], "user_permissions": [], "password": "pbkdf2_sha256$20000$ef8EktuEnkEF$Lx6rFu2Nx1qm5NxdjWDtJso5dsn9zpyKrqbGULjAz9k=", "email": "", "date_joined": "2016-07-08T20:53:11.655Z"}, "model": "auth.user", "pk": 23}, {"fields": {"username": "alumno21", "first_name": "alumno21", "last_name": "alumno21", "is_active": true, "is_superuser": false, "is_staff": false, "last_login": null, "groups": [2], "user_permissions": [], "password": "pbkdf2_sha256$20000$hY6HgIX76ezY$PBnvp+GQkWAgaG5hPIk+oc7kLVZKBv16Xc/jQp7KcNc=", "email": "", "date_joined": "2016-07-08T20:53:11.955Z"}, "model": "auth.user", "pk": 24}, {"fields": {"username": "alumno22", "first_name": "alumno22", "last_name": "alumno22", "is_active": true, "is_superuser": false, "is_staff": false, "last_login": null, "groups": [2], "user_permissions": [], "password": "pbkdf2_sha256$20000$KXOs8q9fithY$6vSuKdtBddfUXzqvgbRcRG2hVqsLR5xcqpcJu6mLL2s=", "email": "", "date_joined": "2016-07-08T20:53:12.256Z"}, "model": "auth.user", "pk": 25}, {"fields": {"username": "alumno23", "first_name": "alumno23", "last_name": "alumno23", "is_active": true, "is_superuser": false, "is_staff": false, "last_login": null, "groups": [2], "user_permissions": [], "password": "pbkdf2_sha256$20000$m3gWrn3pvvKG$zxSmAecMvrANZ2GR5GmDkVAjMzDGOzmlgI2SHFXuP7A=", "email": "", "date_joined": "2016-07-08T20:53:12.567Z"}, "model": "auth.user", "pk": 26}, {"fields": {"username": "alumno24", "first_name": "alumno24", "last_name": "alumno24", "is_active": true, "is_superuser": false, "is_staff": false, "last_login": null, "groups": [2], "user_permissions": [], "password": "pbkdf2_sha256$20000$hz2PHAcK6Icc$Wa8LkJouzIvOV68UAhd3dIMX8ToZ3sUvZsADbMThzcA=", "email": "", "date_joined": "2016-07-08T20:53:12.812Z"}, "model": "auth.user", "pk": 27}, {"fields": {"username": "alumno25", "first_name": "alumno25", "last_name": "alumno25", "is_active": true, "is_superuser": false, "is_staff": false, "last_login": null, "groups": [2], "user_permissions": [], "password": "pbkdf2_sha256$20000$xkFd5teXuoWV$YbGOgweJON4+RSzpT46JOG21tHH432IO75rlhqkJyzY=", "email": "", "date_joined": "2016-07-08T20:53:13.079Z"}, "model": "auth.user", "pk": 28}, {"fields": {"username": "alumno26", "first_name": "alumno26", "last_name": "alumno26", "is_active": true, "is_superuser": false, "is_staff": false, "last_login": null, "groups": [2], "user_permissions": [], "password": "pbkdf2_sha256$20000$0hKhLfSgawhP$bVqzAgFMinkRd5C/Ixo2NdTE2nuOoNRROzIeYVVZTOM=", "email": "", "date_joined": "2016-07-08T20:53:13.336Z"}, "model": "auth.user", "pk": 29}, {"fields": {"username": "alumno27", "first_name": "alumno27", "last_name": "alumno27", "is_active": true, "is_superuser": false, "is_staff": false, "last_login": null, "groups": [2], "user_permissions": [], "password": "pbkdf2_sha256$20000$2gaWfApZo7a0$35JPZuBijdlq5jNh/qbrl7S23kaDHaJ8aCc9Xl+DdpM=", "email": "", "date_joined": "2016-07-08T20:53:13.571Z"}, "model": "auth.user", "pk": 30}, {"fields": {"username": "alumno28", "first_name": "alumno28", "last_name": "alumno28", "is_active": true, "is_superuser": false, "is_staff": false, "last_login": null, "groups": [2], "user_permissions": [], "password": "pbkdf2_sha256$20000$BDMgCswATRLT$7hcYYAPvMI61gUTXhOuVhGcm2TmXqGo9xPKIDf+7RrE=", "email": "", "date_joined": "2016-07-08T20:53:13.838Z"}, "model": "auth.user", "pk": 31}, {"fields": {"username": "alumno29", "first_name": "alumno29", "last_name": "alumno29", "is_active": true, "is_superuser": false, "is_staff": false, "last_login": null, "groups": [2], "user_permissions": [], "password": "pbkdf2_sha256$20000$0koeNlKVsNgh$WT8y9IcK1f2a9ri+gEbzW5+scew3NN5UU/1w59sljac=", "email": "", "date_joined": "2016-07-08T20:53:14.127Z"}, "model": "auth.user", "pk": 32}, {"fields": {"username": "alumno30", "first_name": "alumno30", "last_name": "alumno30", "is_active": true, "is_superuser": false, "is_staff": false, "last_login": null, "groups": [2], "user_permissions": [], "password": "pbkdf2_sha256$20000$UTRmBH7JIqVp$Pdk4SfVWPA+1Iz1kGAeHcOmqM1hYAj3sKBdTYeLhOoY=", "email": "", "date_joined": "2016-07-08T20:53:14.405Z"}, "model": "auth.user", "pk": 33}, {"fields": {"username": "alumno31", "first_name": "alumno31", "last_name": "alumno31", "is_active": true, "is_superuser": false, "is_staff": false, "last_login": null, "groups": [2], "user_permissions": [], "password": "pbkdf2_sha256$20000$g10gZePb97UZ$pBLTFIZ7ahTYht84vI9YUYFKLLUPgAINT3OUjOYxX8o=", "email": "", "date_joined": "2016-07-08T20:53:14.972Z"}, "model": "auth.user", "pk": 34}, {"fields": {"username": "alumno32", "first_name": "alumno32", "last_name": "alumno32", "is_active": true, "is_superuser": false, "is_staff": false, "last_login": null, "groups": [2], "user_permissions": [], "password": "pbkdf2_sha256$20000$PwfRw0AceJSq$QS4yq63GDBVYAFfduZd6ryZBTcilUvokW4Crx6raw7Y=", "email": "", "date_joined": "2016-07-08T20:53:15.261Z"}, "model": "auth.user", "pk": 35}, {"fields": {"username": "alumno33", "first_name": "alumno33", "last_name": "alumno33", "is_active": true, "is_superuser": false, "is_staff": false, "last_login": null, "groups": [2], "user_permissions": [], "password": "pbkdf2_sha256$20000$UoybyD2jliHr$EEXAATmr55q7Tt5L8RGETF0hrhFAh9FlNF94eIYgn4E=", "email": "", "date_joined": "2016-07-08T20:53:15.517Z"}, "model": "auth.user", "pk": 36}, {"fields": {"username": "alumno34", "first_name": "alumno34", "last_name": "alumno34", "is_active": true, "is_superuser": false, "is_staff": false, "last_login": null, "groups": [2], "user_permissions": [], "password": "pbkdf2_sha256$20000$rtUJBvRsjAXk$AXklzPfq2vrTPZDhB2OQ5QcuowvOmdwyXEOMlAnRIYA=", "email": "", "date_joined": "2016-07-08T20:53:15.773Z"}, "model": "auth.user", "pk": 37}, {"fields": {"username": "alumno35", "first_name": "alumno35", "last_name": "alumno35", "is_active": true, "is_superuser": false, "is_staff": false, "last_login": null, "groups": [2], "user_permissions": [], "password": "pbkdf2_sha256$20000$rADjIWO895E3$vGrwyt3lO2xdbYJwYS8bbgI9XB8T8iJWNVysp376Bg0=", "email": "", "date_joined": "2016-07-08T20:53:16.041Z"}, "model": "auth.user", "pk": 38}, {"fields": {"username": "alumno36", "first_name": "alumno36", "last_name": "alumno36", "is_active": true, "is_superuser": false, "is_staff": false, "last_login": null, "groups": [2], "user_permissions": [], "password": "pbkdf2_sha256$20000$6gxPgWcEbNRo$Lw77Nc2Ymqmd44KyLyOH3aFcpj98sHUK9uLCHBnAuyE=", "email": "", "date_joined": "2016-07-08T20:53:16.341Z"}, "model": "auth.user", "pk": 39}, {"fields": {"username": "alumno37", "first_name": "alumno37", "last_name": "alumno37", "is_active": true, "is_superuser": false, "is_staff": false, "last_login": null, "groups": [2], "user_permissions": [], "password": "pbkdf2_sha256$20000$PH6lhz5HJhu2$DRicJz3adV4yUAB3z6Ihw2gMcPz55XoCB76JBhW3tP4=", "email": "", "date_joined": "2016-07-08T20:53:16.619Z"}, "model": "auth.user", "pk": 40}, {"fields": {"username": "alumno38", "first_name": "alumno38", "last_name": "alumno38", "is_active": true, "is_superuser": false, "is_staff": false, "last_login": null, "groups": [2], "user_permissions": [], "password": "pbkdf2_sha256$20000$o1lZbhG3GGyf$ykiQ9ferwNv2B5B51/YbmdWEwXjG+pC+3vM4mrr1Ktc=", "email": "", "date_joined": "2016-07-08T20:53:16.886Z"}, "model": "auth.user", "pk": 41}, {"fields": {"username": "alumno39", "first_name": "alumno39", "last_name": "alumno39", "is_active": true, "is_superuser": false, "is_staff": false, "last_login": null, "groups": [2], "user_permissions": [], "password": "pbkdf2_sha256$20000$1y6hEyXThhdz$LbdNCihp5xShHBGHh6S/pjHdAZGiIUn4tCX1huMxOks=", "email": "", "date_joined": "2016-07-08T20:53:17.164Z"}, "model": "auth.user", "pk": 42}, {"fields": {"username": "alumno40", "first_name": "alumno40", "last_name": "alumno40", "is_active": true, "is_superuser": false, "is_staff": false, "last_login": null, "groups": [2], "user_permissions": [], "password": "pbkdf2_sha256$20000$nHDMeD1800rD$DvF9NWziI3xwnMyOIPgdpIJ+KVPVFDt7w7kYCvs7PaA=", "email": "", "date_joined": "2016-07-08T20:53:17.431Z"}, "model": "auth.user", "pk": 43}, {"fields": {"courses": [1, 2, 3], "user": 2}, "model": "videoclases.teacher", "pk": 1}, {"fields": {"course": 1, "user": 4}, "model": "videoclases.student", "pk": 1}, {"fields": {"course": 1, "user": 5}, "model": "videoclases.student", "pk": 2}, {"fields": {"course": 1, "user": 6}, "model": "videoclases.student", "pk": 3}, {"fields": {"course": 1, "user": 7}, "model": "videoclases.student", "pk": 4}, {"fields": {"course": 1, "user": 8}, "model": "videoclases.student", "pk": 5}, {"fields": {"course": 1, "user": 9}, "model": "videoclases.student", "pk": 6}, {"fields": {"course": 1, "user": 10}, "model": "videoclases.student", "pk": 7}, {"fields": {"course": 1, "user": 11}, "model": "videoclases.student", "pk": 8}, {"fields": {"course": 1, "user": 12}, "model": "videoclases.student", "pk": 9}, {"fields": {"course": 1, "user": 13}, "model": "videoclases.student", "pk": 10}, {"fields": {"course": 1, "user": 14}, "model": "videoclases.student", "pk": 11}, {"fields": {"course": 1, "user": 15}, "model": "videoclases.student", "pk": 12}, {"fields": {"course": 1, "user": 16}, "model": "videoclases.student", "pk": 13}, {"fields": {"course": 1, "user": 17}, "model": "videoclases.student", "pk": 14}, {"fields": {"course": 1, "user": 18}, "model": "videoclases.student", "pk": 15}, {"fields": {"course": 2, "user": 19}, "model": "videoclases.student", "pk": 16}, {"fields": {"course": 2, "user": 20}, "model": "videoclases.student", "pk": 17}, {"fields": {"course": 2, "user": 21}, "model": "videoclases.student", "pk": 18}, {"fields": {"course": 2, "user": 22}, "model": "videoclases.student", "pk": 19}, {"fields": {"course": 2, "user": 23}, "model": "videoclases.student", "pk": 20}, {"fields": {"course": 2, "user": 24}, "model": "videoclases.student", "pk": 21}, {"fields": {"course": 2, "user": 25}, "model": "videoclases.student", "pk": 22}, {"fields": {"course": 2, "user": 26}, "model": "videoclases.student", "pk": 23}, {"fields": {"course": 2, "user": 27}, "model": "videoclases.student", "pk": 24}, {"fields": {"course": 2, "user": 28}, "model": "videoclases.student", "pk": 25}, {"fields": {"course": 2, "user": 29}, "model": "videoclases.student", "pk": 26}, {"fields": {"course": 2, "user": 30}, "model": "videoclases.student", "pk": 27}, {"fields": {"course": 2, "user": 31}, "model": "videoclases.student", "pk": 28}, {"fields": {"course": 2, "user": 32}, "model": "videoclases.student", "pk": 29}, {"fields": {"course": 2, "user": 33}, "model": "videoclases.student", "pk": 30}, {"fields": {"course": 3, "user": 34}, "model": "videoclases.student", "pk": 31}, {"fields": {"course": 3, "user": 35}, "model": "videoclases.student", "pk": 32}, {"fields": {"course": 3, "user": 36}, "model": "videoclases.student", "pk": 33}, {"fields": {"course": 3, "user": 37}, "model": "videoclases.student", "pk": 34}, {"fields": {"course": 3, "user": 38}, "model": "videoclases.student", "pk": 35}, {"fields": {"course": 3, "user": 39}, "model": "videoclases.student", "pk": 36}, {"fields": {"course": 3, "user": 40}, "model": "videoclases.student", "pk": 37}, {"fields": {"course": 3, "user": 41}, "model": "videoclases.student", "pk": 38}, {"fields": {"course": 3, "user": 42}, "model": "videoclases.student", "pk": 39}, {"fields": {"course": 3, "user": 43}, "model": "videoclases.student", "pk": 40}, {"fields": {"action_flag": 1, "action_time": "2016-07-08T20:06:03.195Z", "object_repr": "profe", "object_id": "2", "change_message": "", "user": 1, "content_type": 4}, "model": "admin.logentry", "pk": 1}, {"fields": {"action_flag": 2, "action_time": "2016-07-08T20:06:12.968Z", "object_repr": "profe", "object_id": "2", "change_message": "Modificado/a first_name, last_name y email.", "user": 1, "content_type": 4}, "model": "admin.logentry", "pk": 2}, {"fields": {"action_flag": 1, "action_time": "2016-07-08T20:06:24.699Z", "object_repr": "student", "object_id": "3", "change_message": "", "user": 1, "content_type": 4}, "model": "admin.logentry", "pk": 3}, {"fields": {"action_flag": 2, "action_time": "2016-07-08T20:06:32.408Z", "object_repr": "student", "object_id": "3", "change_message": "Modificado/a first_name, last_name y email.", "user": 1, "content_type": 4}, "model": "admin.logentry", "pk": 4}, {"fields": {"action_flag": 1, "action_time": "2016-07-08T20:06:45.110Z", "object_repr": "Profesores", "object_id": "1", "change_message": "", "user": 1, "content_type": 3}, "model": "admin.logentry", "pk": 5}, {"fields": {"action_flag": 2, "action_time": "2016-07-08T20:06:49.042Z", "object_repr": "profe", "object_id": "2", "change_message": "Modificado/a groups.", "user": 1, "content_type": 4}, "model": "admin.logentry", "pk": 6}, {"fields": {"action_flag": 1, "action_time": "2016-07-08T20:06:58.189Z", "object_repr": "Alumnos", "object_id": "2", "change_message": "", "user": 1, "content_type": 3}, "model": "admin.logentry", "pk": 7}, {"fields": {"action_flag": 2, "action_time": "2016-07-08T20:07:01.002Z", "object_repr": "student", "object_id": "3", "change_message": "Modificado/a groups.", "user": 1, "content_type": 4}, "model": "admin.logentry", "pk": 8}, {"fields": {"action_flag": 1, "action_time": "2016-07-08T20:24:00.183Z", "object_repr": "Colegio object", "object_id": "1", "change_message": "", "user": 1, "content_type": 7}, "model": "admin.logentry", "pk": 9}, {"fields": {"action_flag": 1, "action_time": "2016-07-08T20:24:44.740Z", "object_repr": "Curso object", "object_id": "1", "change_message": "", "user": 1, "content_type": 8}, "model": "admin.logentry", "pk": 10}, {"fields": {"action_flag": 1, "action_time": "2016-07-08T20:24:56.870Z", "object_repr": "Curso object", "object_id": "2", "change_message": "", "user": 1, "content_type": 8}, "model": "admin.logentry", "pk": 11}, {"fields": {"action_flag": 1, "action_time": "2016-07-08T20:25:04.611Z", "object_repr": "Curso object", "object_id": "3", "change_message": "", "user": 1, "content_type": 8}, "model": "admin.logentry", "pk": 12}, {"fields": {"action_flag": 1, "action_time": "2016-07-08T21:10:06.455Z", "object_repr": "Curso: 1\u00b0A 2016 Don Quijote de La Mancha", "object_id": "1", "change_message": "", "user": 1, "content_type": 10}, "model": "admin.logentry", "pk": 53}, {"fields": {"action_flag": 1, "action_time": "2016-07-08T21:10:21.546Z", "object_repr": "Curso: 1\u00b0B 2016 Don Quijote de La Mancha", "object_id": "2", "change_message": "", "user": 1, "content_type": 10}, "model": "admin.logentry", "pk": 54}, {"fields": {"action_flag": 1, "action_time": "2016-07-08T21:10:57.121Z", "object_repr": "Curso: 1\u00b0B 2016 Combate Naval de Iquique", "object_id": "3", "change_message": "", "user": 1, "content_type": 10}, "model": "admin.logentry", "pk": 55}, {"fields": {"action_flag": 1, "action_time": "2016-07-08T21:11:24.162Z", "object_repr": "Curso: 2\u00b0A 2016 Combate Naval de Iquique", "object_id": "4", "change_message": "", "user": 1, "content_type": 10}, "model": "admin.logentry", "pk": 56}, {"fields": {"action_flag": 1, "action_time": "2016-07-08T21:27:31.507Z", "object_repr": "Profesor object", "object_id": "1", "change_message": "", "user": 1, "content_type": 11}, "model": "admin.logentry", "pk": 57}, {"fields": {"action_flag": 3, "action_time": "2016-07-08T23:41:20.557Z", "object_repr": "Curso: 2\u00b0A 2016 Combate Naval de Iquique", "object_id": "4", "change_message": "", "user": 1, "content_type": 10}, "model": "admin.logentry", "pk": 58}, {"fields": {"action_flag": 3, "action_time": "2016-07-08T23:41:20.692Z", "object_repr": "Curso: 1\u00b0B 2016 Combate Naval de Iquique", "object_id": "3", "change_message": "", "user": 1, "content_type": 10}, "model": "admin.logentry", "pk": 59}, {"fields": {"action_flag": 3, "action_time": "2016-07-08T23:41:20.815Z", "object_repr": "Curso: 1\u00b0B 2016 Don Quijote de La Mancha", "object_id": "2", "change_message": "", "user": 1, "content_type": 10}, "model": "admin.logentry", "pk": 60}, {"fields": {"action_flag": 1, "action_time": "2016-07-09T00:16:01.104Z", "object_repr": "Grupo object", "object_id": "1", "change_message": "", "user": 1, "content_type": 13}, "model": "admin.logentry", "pk": 61}, {"fields": {"action_flag": 1, "action_time": "2016-07-09T00:16:06.813Z", "object_repr": "Grupo object", "object_id": "2", "change_message": "", "user": 1, "content_type": 13}, "model": "admin.logentry", "pk": 62}, {"fields": {"action_flag": 1, "action_time": "2016-07-09T00:16:10.475Z", "object_repr": "Grupo object", "object_id": "3", "change_message": "", "user": 1, "content_type": 13}, "model": "admin.logentry", "pk": 63}, {"fields": {"action_flag": 1, "action_time": "2016-07-09T00:16:14.605Z", "object_repr": "Grupo object", "object_id": "4", "change_message": "", "user": 1, "content_type": 13}, "model": "admin.logentry", "pk": 64}, {"fields": {"action_flag": 1, "action_time": "2016-07-09T00:16:20.322Z", "object_repr": "Grupo object", "object_id": "5", "change_message": "", "user": 1, "content_type": 13}, "model": "admin.logentry", "pk": 65}, {"fields": {"action_flag": 1, "action_time": "2016-07-09T00:16:26.718Z", "object_repr": "Grupo object", "object_id": "6", "change_message": "", "user": 1, "content_type": 13}, "model": "admin.logentry", "pk": 66}, {"fields": {"action_flag": 1, "action_time": "2016-07-09T00:16:31.815Z", "object_repr": "Grupo object", "object_id": "7", "change_message": "", "user": 1, "content_type": 13}, "model": "admin.logentry", "pk": 67}, {"fields": {"action_flag": 1, "action_time": "2016-07-09T00:16:37.793Z", "object_repr": "Grupo object", "object_id": "8", "change_message": "", "user": 1, "content_type": 13}, "model": "admin.logentry", "pk": 68}, {"fields": {"action_flag": 1, "action_time": "2016-07-09T00:16:43.375Z", "object_repr": "Grupo object", "object_id": "9", "change_message": "", "user": 1, "content_type": 13}, "model": "admin.logentry", "pk": 69}, {"fields": {"action_flag": 1, "action_time": "2016-07-09T00:16:49.511Z", "object_repr": "Grupo object", "object_id": "10", "change_message": "", "user": 1, "content_type": 13}, "model": "admin.logentry", "pk": 70}, {"fields": {"action_flag": 1, "action_time": "2016-07-09T00:16:55.014Z", "object_repr": "Grupo object", "object_id": "11", "change_message": "", "user": 1, "content_type": 13}, "model": "admin.logentry", "pk": 71}, {"fields": {"action_flag": 1, "action_time": "2016-07-09T00:17:00.112Z", "object_repr": "Grupo object", "object_id": "12", "change_message": "", "user": 1, "content_type": 13}, "model": "admin.logentry", "pk": 72}, {"fields": {"action_flag": 1, "action_time": "2016-07-09T00:17:05.724Z", "object_repr": "Grupo object", "object_id": "13", "change_message": "", "user": 1, "content_type": 13}, "model": "admin.logentry", "pk": 73}, {"fields": {"action_flag": 1, "action_time": "2016-07-09T00:17:11.790Z", "object_repr": "Grupo object", "object_id": "14", "change_message": "", "user": 1, "content_type": 13}, "model": "admin.logentry", "pk": 74}, {"fields": {"action_flag": 1, "action_time": "2016-07-09T00:17:17.012Z", "object_repr": "Grupo object", "object_id": "15", "change_message": "", "user": 1, "content_type": 13}, "model": "admin.logentry", "pk": 75}, {"fields": {"action_flag": 2, "action_time": "2016-07-09T12:39:44.449Z", "object_repr": "Tarea: Don Quijote de La Mancha. Grupo: 1", "object_id": "1", "change_message": "Modificado/a video.", "user": 1, "content_type": 13}, "model": "admin.logentry", "pk": 76}, {"fields": {"action_flag": 2, "action_time": "2016-07-09T13:24:27.153Z", "object_repr": "Tarea: Don Quijote de La Mancha. Grupo: 1", "object_id": "1", "change_message": "Modificado/a video.", "user": 1, "content_type": 13}, "model": "admin.logentry", "pk": 77}, {"fields": {"action_flag": 2, "action_time": "2016-07-09T13:37:34.807Z", "object_repr": "Tarea: Don Quijote de La Mancha. Grupo: 1", "object_id": "1", "change_message": "Modificado/a video.", "user": 1, "content_type": 13}, "model": "admin.logentry", "pk": 78}, {"fields": {"action_flag": 3, "action_time": "2016-07-15T21:53:29.289Z", "object_repr": "Curso: 1\u00b0A 2016 a", "object_id": "2", "change_message": "", "user": 1, "content_type": 10}, "model": "admin.logentry", "pk": 79}, {"fields": {"action_flag": 3, "action_time": "2016-07-17T22:23:20.954Z", "object_repr": "Curso: 1\u00b0A 2016 a", "object_id": "3", "change_message": "", "user": 1, "content_type": 10}, "model": "admin.logentry", "pk": 80}, {"fields": {"action_flag": 3, "action_time": "2016-07-17T22:25:34.384Z", "object_repr": "Curso: 1\u00b0A 2016 a", "object_id": "4", "change_message": "", "user": 1, "content_type": 10}, "model": "admin.logentry", "pk": 81}, {"fields": {"action_flag": 3, "action_time": "2016-07-17T22:28:59.066Z", "object_repr": "Curso: 1\u00b0A 2016 a", "object_id": "5", "change_message": "", "user": 1, "content_type": 10}, "model": "admin.logentry", "pk": 82}, {"fields": {"action_flag": 3, "action_time": "2016-07-17T22:34:56.689Z", "object_repr": "Curso: 1\u00b0A 2016 a", "object_id": "6", "change_message": "", "user": 1, "content_type": 10}, "model": "admin.logentry", "pk": 83}, {"fields": {"action_flag": 3, "action_time": "2016-07-17T22:38:57.355Z", "object_repr": "Tarea: Don Quijote de La Mancha. Grupo: 15", "object_id": "15", "change_message": "", "user": 1, "content_type": 13}, "model": "admin.logentry", "pk": 84}, {"fields": {"action_flag": 3, "action_time": "2016-07-17T22:38:57.491Z", "object_repr": "Tarea: Don Quijote de La Mancha. Grupo: 14", "object_id": "14", "change_message": "", "user": 1, "content_type": 13}, "model": "admin.logentry", "pk": 85}, {"fields": {"action_flag": 3, "action_time": "2016-07-17T22:38:57.647Z", "object_repr": "Tarea: Don Quijote de La Mancha. Grupo: 13", "object_id": "13", "change_message": "", "user": 1, "content_type": 13}, "model": "admin.logentry", "pk": 86}, {"fields": {"action_flag": 3, "action_time": "2016-07-17T22:38:57.791Z", "object_repr": "Tarea: Don Quijote de La Mancha. Grupo: 12", "object_id": "12", "change_message": "", "user": 1, "content_type": 13}, "model": "admin.logentry", "pk": 87}, {"fields": {"action_flag": 3, "action_time": "2016-07-17T22:38:57.936Z", "object_repr": "Tarea: Don Quijote de La Mancha. Grupo: 11", "object_id": "11", "change_message": "", "user": 1, "content_type": 13}, "model": "admin.logentry", "pk": 88}, {"fields": {"action_flag": 3, "action_time": "2016-07-17T22:38:58.081Z", "object_repr": "Tarea: Don Quijote de La Mancha. Grupo: 10", "object_id": "10", "change_message": "", "user": 1, "content_type": 13}, "model": "admin.logentry", "pk": 89}, {"fields": {"action_flag": 3, "action_time": "2016-07-17T22:38:58.259Z", "object_repr": "Tarea: Don Quijote de La Mancha. Grupo: 9", "object_id": "9", "change_message": "", "user": 1, "content_type": 13}, "model": "admin.logentry", "pk": 90}, {"fields": {"action_flag": 3, "action_time": "2016-07-17T22:38:58.447Z", "object_repr": "Tarea: Don Quijote de La Mancha. Grupo: 8", "object_id": "8", "change_message": "", "user": 1, "content_type": 13}, "model": "admin.logentry", "pk": 91}, {"fields": {"action_flag": 3, "action_time": "2016-07-17T22:38:58.592Z", "object_repr": "Tarea: Don Quijote de La Mancha. Grupo: 7", "object_id": "7", "change_message": "", "user": 1, "content_type": 13}, "model": "admin.logentry", "pk": 92}, {"fields": {"action_flag": 3, "action_time": "2016-07-17T22:38:58.737Z", "object_repr": "Tarea: Don Quijote de La Mancha. Grupo: 6", "object_id": "6", "change_message": "", "user": 1, "content_type": 13}, "model": "admin.logentry", "pk": 93}, {"fields": {"action_flag": 3, "action_time": "2016-07-17T22:38:58.881Z", "object_repr": "Tarea: Don Quijote de La Mancha. Grupo: 5", "object_id": "5", "change_message": "", "user": 1, "content_type": 13}, "model": "admin.logentry", "pk": 94}, {"fields": {"action_flag": 3, "action_time": "2016-07-17T22:38:59.004Z", "object_repr": "Tarea: Don Quijote de La Mancha. Grupo: 4", "object_id": "4", "change_message": "", "user": 1, "content_type": 13}, "model": "admin.logentry", "pk": 95}, {"fields": {"action_flag": 3, "action_time": "2016-07-17T22:38:59.171Z", "object_repr": "Tarea: Don Quijote de La Mancha. Grupo: 3", "object_id": "3", "change_message": "", "user": 1, "content_type": 13}, "model": "admin.logentry", "pk": 96}, {"fields": {"action_flag": 3, "action_time": "2016-07-17T22:38:59.339Z", "object_repr": "Tarea: Don Quijote de La Mancha. Grupo: 2", "object_id": "2", "change_message": "", "user": 1, "content_type": 13}, "model": "admin.logentry", "pk": 97}, {"fields": {"action_flag": 3, "action_time": "2016-07-17T22:38:59.483Z", "object_repr": "Tarea: Don Quijote de La Mancha. Grupo: 1", "object_id": "1", "change_message": "", "user": 1, "content_type": 13}, "model": "admin.logentry", "pk": 98}, {"fields": {"action_flag": 2, "action_time": "2016-07-20T15:21:57.944Z", "object_repr": "Tarea: Don Quijote de La Mancha. Grupo: 1", "object_id": "17", "change_message": "Modificado/a students y video.", "user": 1, "content_type": 13}, "model": "admin.logentry", "pk": 99}, {"fields": {"action_flag": 3, "action_time": "2016-07-27T21:51:33.199Z", "object_repr": "Curso: 1\u00b0A 2016 a", "object_id": "8", "change_message": "", "user": 1, "content_type": 10}, "model": "admin.logentry", "pk": 100}, {"fields": {"action_flag": 3, "action_time": "2016-07-27T21:51:33.340Z", "object_repr": "Curso: 1\u00b0A 2016 a", "object_id": "7", "change_message": "", "user": 1, "content_type": 10}, "model": "admin.logentry", "pk": 101}, {"fields": {"action_flag": 2, "action_time": "2016-07-27T21:52:00.188Z", "object_repr": "Tarea: Don Quijote de La Mancha. Grupo: 2", "object_id": "16", "change_message": "Modificado/a students.", "user": 1, "content_type": 13}, "model": "admin.logentry", "pk": 102}, {"fields": {"action_flag": 2, "action_time": "2016-07-27T21:52:22.644Z", "object_repr": "Tarea: Don Quijote de La Mancha. Grupo: 10", "object_id": "20", "change_message": "Modificado/a students.", "user": 1, "content_type": 13}, "model": "admin.logentry", "pk": 103}, {"fields": {"action_flag": 2, "action_time": "2016-07-27T21:52:36.196Z", "object_repr": "Tarea: Don Quijote de La Mancha. Grupo: 11", "object_id": "21", "change_message": "Modificado/a students.", "user": 1, "content_type": 13}, "model": "admin.logentry", "pk": 104}, {"fields": {"action_flag": 2, "action_time": "2016-07-27T22:19:01.185Z", "object_repr": "Tarea: Otra homework. Grupo: 2", "object_id": "50", "change_message": "Modificado/a video, question, correct_alternative, alternative_2, alternative_3 y upload_students.", "user": 1, "content_type": 13}, "model": "admin.logentry", "pk": 105}, {"fields": {"action_flag": 2, "action_time": "2016-07-27T22:19:27.747Z", "object_repr": "Tarea: Otra homework. Grupo: 3", "object_id": "52", "change_message": "Modificado/a video, question, correct_alternative, alternative_2, alternative_3 y upload_students.", "user": 1, "content_type": 13}, "model": "admin.logentry", "pk": 106}, {"fields": {"action_flag": 2, "action_time": "2016-07-27T22:19:49.135Z", "object_repr": "Tarea: Otra homework. Grupo: 4", "object_id": "49", "change_message": "Modificado/a video, question, correct_alternative, alternative_2, alternative_3 y upload_students.", "user": 1, "content_type": 13}, "model": "admin.logentry", "pk": 107}, {"fields": {"action_flag": 2, "action_time": "2016-07-27T22:20:06.284Z", "object_repr": "Tarea: Otra homework. Grupo: 5", "object_id": "48", "change_message": "Modificado/a video, question, correct_alternative, alternative_2, alternative_3 y upload_students.", "user": 1, "content_type": 13}, "model": "admin.logentry", "pk": 108}, {"fields": {"action_flag": 2, "action_time": "2016-07-27T22:20:21.565Z", "object_repr": "Tarea: Otra homework. Grupo: 6", "object_id": "51", "change_message": "Modificado/a video, question, correct_alternative, alternative_2, alternative_3 y upload_students.", "user": 1, "content_type": 13}, "model": "admin.logentry", "pk": 109}, {"fields": {"action_flag": 2, "action_time": "2016-07-27T22:20:44.430Z", "object_repr": "Tarea: Otra homework. Grupo: 7", "object_id": "47", "change_message": "Modificado/a video, question, correct_alternative, alternative_2, alternative_3 y upload_students.", "user": 1, "content_type": 13}, "model": "admin.logentry", "pk": 110}, {"fields": {"action_flag": 2, "action_time": "2016-07-27T22:21:02.872Z", "object_repr": "Tarea: Otra homework. Grupo: 8", "object_id": "53", "change_message": "Modificado/a video, question, correct_alternative, alternative_2, alternative_3 y upload_students.", "user": 1, "content_type": 13}, "model": "admin.logentry", "pk": 111}, {"fields": {"action_flag": 2, "action_time": "2016-07-27T22:21:21.477Z", "object_repr": "Curso: 1\u00b0A 2016 Gatos", "object_id": "10", "change_message": "Modificado/a title y description.", "user": 1, "content_type": 10}, "model": "admin.logentry", "pk": 112}, {"fields": {"action_flag": 2, "action_time": "2016-07-27T22:23:17.247Z", "object_repr": "Curso: 1\u00b0A 2016 Gatos - Evaluando siempre", "object_id": "10", "change_message": "Modificado/a title, date_upload y date_evaluation.", "user": 1, "content_type": 10}, "model": "admin.logentry", "pk": 113}, {"fields": {"action_flag": 2, "action_time": "2016-07-28T14:49:28.685Z", "object_repr": "Tarea: Gatos - Evaluando siempre. Grupo: 1", "object_id": "31", "change_message": "Modificado/a video, question, correct_alternative, alternative_2, alternative_3 y upload_students.", "user": 1, "content_type": 17}, "model": "admin.logentry", "pk": 114}, {"fields": {"action_flag": 2, "action_time": "2016-07-28T14:49:46.281Z", "object_repr": "Tarea: Gatos - Evaluando siempre. Grupo: 2", "object_id": "35", "change_message": "Modificado/a video, question, correct_alternative, alternative_2, alternative_3 y upload_students.", "user": 1, "content_type": 17}, "model": "admin.logentry", "pk": 115}, {"fields": {"action_flag": 2, "action_time": "2016-07-28T14:50:05.945Z", "object_repr": "Tarea: Gatos - Evaluando siempre. Grupo: 3", "object_id": "37", "change_message": "Modificado/a video, question, correct_alternative, alternative_2, alternative_3 y upload_students.", "user": 1, "content_type": 17}, "model": "admin.logentry", "pk": 116}, {"fields": {"action_flag": 2, "action_time": "2016-07-28T14:50:18.926Z", "object_repr": "Tarea: Gatos - Evaluando siempre. Grupo: 4", "object_id": "34", "change_message": "Modificado/a video, question, correct_alternative, alternative_2, alternative_3 y upload_students.", "user": 1, "content_type": 17}, "model": "admin.logentry", "pk": 117}, {"fields": {"action_flag": 2, "action_time": "2016-07-28T14:50:37.032Z", "object_repr": "Tarea: Gatos - Evaluando siempre. Grupo: 5", "object_id": "33", "change_message": "Modificado/a video, question, correct_alternative, alternative_2, alternative_3 y upload_students.", "user": 1, "content_type": 17}, "model": "admin.logentry", "pk": 118}, {"fields": {"action_flag": 2, "action_time": "2016-07-28T14:50:49.456Z", "object_repr": "Tarea: Gatos - Evaluando siempre. Grupo: 6", "object_id": "36", "change_message": "Modificado/a video, question, correct_alternative, alternative_2, alternative_3 y upload_students.", "user": 1, "content_type": 17}, "model": "admin.logentry", "pk": 119}, {"fields": {"action_flag": 2, "action_time": "2016-07-28T14:51:16.874Z", "object_repr": "Tarea: Gatos - Evaluando siempre. Grupo: 7", "object_id": "32", "change_message": "Modificado/a video, question, correct_alternative, alternative_2, alternative_3 y upload_students.", "user": 1, "content_type": 17}, "model": "admin.logentry", "pk": 120}, {"fields": {"action_flag": 2, "action_time": "2016-07-28T14:51:30.438Z", "object_repr": "Tarea: Gatos - Evaluando siempre. Grupo: 8", "object_id": "38", "change_message": "Modificado/a video, question, correct_alternative, alternative_2, alternative_3 y upload_students.", "user": 1, "content_type": 17}, "model": "admin.logentry", "pk": 121}, {"fields": {"action_flag": 2, "action_time": "2016-07-28T16:08:25.548Z", "object_repr": "Curso: 1\u00b0A 2016 Siempre pendiente", "object_id": "1", "change_message": "Modificado/a title, description, date_upload y date_evaluation.", "user": 1, "content_type": 10}, "model": "admin.logentry", "pk": 122}, {"fields": {"action_flag": 1, "action_time": "2016-07-28T17:54:06.938Z", "object_repr": "StudentResponses object", "object_id": "1", "change_message": "", "user": 1, "content_type": 18}, "model": "admin.logentry", "pk": 123}, {"fields": {"action_flag": 1, "action_time": "2016-07-28T17:54:21.953Z", "object_repr": "StudentResponses object", "object_id": "2", "change_message": "", "user": 1, "content_type": 18}, "model": "admin.logentry", "pk": 124}, {"fields": {"action_flag": 1, "action_time": "2016-07-28T17:54:37.623Z", "object_repr": "StudentResponses object", "object_id": "3", "change_message": "", "user": 1, "content_type": 18}, "model": "admin.logentry", "pk": 125}, {"fields": {"action_flag": 3, "action_time": "2016-07-31T17:07:14.469Z", "object_repr": "StudentResponses object", "object_id": "3", "change_message": "", "user": 1, "content_type": 18}, "model": "admin.logentry", "pk": 126}, {"fields": {"action_flag": 3, "action_time": "2016-07-31T17:07:14.624Z", "object_repr": "StudentResponses object", "object_id": "2", "change_message": "", "user": 1, "content_type": 18}, "model": "admin.logentry", "pk": 127}, {"fields": {"action_flag": 3, "action_time": "2016-07-31T17:07:14.792Z", "object_repr": "StudentResponses object", "object_id": "1", "change_message": "", "user": 1, "content_type": 18}, "model": "admin.logentry", "pk": 128}, {"fields": {"action_flag": 3, "action_time": "2016-07-31T17:15:02.912Z", "object_repr": "StudentResponses object", "object_id": "4", "change_message": "", "user": 1, "content_type": 18}, "model": "admin.logentry", "pk": 129}, {"fields": {"action_flag": 2, "action_time": "2016-08-03T16:51:08.069Z", "object_repr": "Tarea: Siempre pendiente. Grupo: 3", "object_id": "28", "change_message": "Modificado/a students.", "user": 1, "content_type": 13}, "model": "admin.logentry", "pk": 130}, {"fields": {"action_flag": 2, "action_time": "2016-08-03T16:52:02.152Z", "object_repr": "Tarea: Siempre pendiente. Grupo: 4", "object_id": "27", "change_message": "Modificado/a students.", "user": 1, "content_type": 13}, "model": "admin.logentry", "pk": 131}, {"fields": {"action_flag": 3, "action_time": "2016-08-03T17:03:33.320Z", "object_repr": "StudentEvaluations object", "object_id": "21", "change_message": "", "user": 1, "content_type": 16}, "model": "admin.logentry", "pk": 132}, {"fields": {"action_flag": 3, "action_time": "2016-08-03T17:03:33.438Z", "object_repr": "StudentEvaluations object", "object_id": "20", "change_message": "", "user": 1, "content_type": 16}, "model": "admin.logentry", "pk": 133}, {"fields": {"action_flag": 3, "action_time": "2016-08-03T17:03:33.561Z", "object_repr": "StudentEvaluations object", "object_id": "19", "change_message": "", "user": 1, "content_type": 16}, "model": "admin.logentry", "pk": 134}, {"fields": {"action_flag": 3, "action_time": "2016-08-03T17:03:33.705Z", "object_repr": "StudentEvaluations object", "object_id": "18", "change_message": "", "user": 1, "content_type": 16}, "model": "admin.logentry", "pk": 135}, {"fields": {"action_flag": 3, "action_time": "2016-08-03T17:03:33.817Z", "object_repr": "StudentEvaluations object", "object_id": "17", "change_message": "", "user": 1, "content_type": 16}, "model": "admin.logentry", "pk": 136}, {"fields": {"action_flag": 3, "action_time": "2016-08-03T17:03:33.939Z", "object_repr": "StudentEvaluations object", "object_id": "16", "change_message": "", "user": 1, "content_type": 16}, "model": "admin.logentry", "pk": 137}, {"fields": {"action_flag": 3, "action_time": "2016-08-03T17:03:34.084Z", "object_repr": "StudentEvaluations object", "object_id": "15", "change_message": "", "user": 1, "content_type": 16}, "model": "admin.logentry", "pk": 138}, {"fields": {"action_flag": 3, "action_time": "2016-08-03T17:03:34.206Z", "object_repr": "StudentEvaluations object", "object_id": "14", "change_message": "", "user": 1, "content_type": 16}, "model": "admin.logentry", "pk": 139}, {"fields": {"action_flag": 3, "action_time": "2016-08-03T17:03:34.329Z", "object_repr": "StudentEvaluations object", "object_id": "13", "change_message": "", "user": 1, "content_type": 16}, "model": "admin.logentry", "pk": 140}, {"fields": {"action_flag": 3, "action_time": "2016-08-03T17:03:34.462Z", "object_repr": "StudentEvaluations object", "object_id": "12", "change_message": "", "user": 1, "content_type": 16}, "model": "admin.logentry", "pk": 141}, {"fields": {"action_flag": 3, "action_time": "2016-08-03T17:03:34.596Z", "object_repr": "StudentEvaluations object", "object_id": "11", "change_message": "", "user": 1, "content_type": 16}, "model": "admin.logentry", "pk": 142}, {"fields": {"action_flag": 3, "action_time": "2016-08-03T17:03:34.720Z", "object_repr": "StudentEvaluations object", "object_id": "10", "change_message": "", "user": 1, "content_type": 16}, "model": "admin.logentry", "pk": 143}, {"fields": {"action_flag": 3, "action_time": "2016-08-03T17:03:34.897Z", "object_repr": "StudentEvaluations object", "object_id": "9", "change_message": "", "user": 1, "content_type": 16}, "model": "admin.logentry", "pk": 144}, {"fields": {"action_flag": 3, "action_time": "2016-08-03T17:03:35.042Z", "object_repr": "StudentEvaluations object", "object_id": "8", "change_message": "", "user": 1, "content_type": 16}, "model": "admin.logentry", "pk": 145}, {"fields": {"action_flag": 3, "action_time": "2016-08-03T17:03:35.187Z", "object_repr": "StudentEvaluations object", "object_id": "7", "change_message": "", "user": 1, "content_type": 16}, "model": "admin.logentry", "pk": 146}, {"fields": {"action_flag": 3, "action_time": "2016-08-03T17:03:35.332Z", "object_repr": "StudentEvaluations object", "object_id": "6", "change_message": "", "user": 1, "content_type": 16}, "model": "admin.logentry", "pk": 147}, {"fields": {"action_flag": 3, "action_time": "2016-08-03T17:03:35.500Z", "object_repr": "StudentEvaluations object", "object_id": "5", "change_message": "", "user": 1, "content_type": 16}, "model": "admin.logentry", "pk": 148}, {"fields": {"action_flag": 3, "action_time": "2016-08-03T17:03:35.644Z", "object_repr": "StudentEvaluations object", "object_id": "4", "change_message": "", "user": 1, "content_type": 16}, "model": "admin.logentry", "pk": 149}, {"fields": {"action_flag": 3, "action_time": "2016-08-03T17:03:35.788Z", "object_repr": "StudentEvaluations object", "object_id": "3", "change_message": "", "user": 1, "content_type": 16}, "model": "admin.logentry", "pk": 150}, {"fields": {"action_flag": 3, "action_time": "2016-08-03T17:03:35.933Z", "object_repr": "StudentEvaluations object", "object_id": "2", "change_message": "", "user": 1, "content_type": 16}, "model": "admin.logentry", "pk": 151}, {"fields": {"action_flag": 3, "action_time": "2016-08-03T17:03:36.078Z", "object_repr": "StudentEvaluations object", "object_id": "1", "change_message": "", "user": 1, "content_type": 16}, "model": "admin.logentry", "pk": 152}, {"fields": {"action_flag": 3, "action_time": "2016-08-04T21:23:10.867Z", "object_repr": "Curso: 1\u00b0A 2016 creando", "object_id": "12", "change_message": "", "user": 1, "content_type": 10}, "model": "admin.logentry", "pk": 153}, {"fields": {"action_flag": 2, "action_time": "2016-08-04T21:42:08.415Z", "object_repr": "Tarea: Tarea terminada. Grupo: 1", "object_id": "58", "change_message": "Modificado/a video, question, correct_alternative, alternative_2, alternative_3 y upload_students.", "user": 1, "content_type": 17}, "model": "admin.logentry", "pk": 154}, {"fields": {"action_flag": 2, "action_time": "2016-08-04T21:43:07.827Z", "object_repr": "Tarea: Tarea terminada. Grupo: 2", "object_id": "57", "change_message": "Modificado/a video, question, correct_alternative, alternative_2, alternative_3 y upload_students.", "user": 1, "content_type": 17}, "model": "admin.logentry", "pk": 155}, {"fields": {"action_flag": 2, "action_time": "2016-08-04T21:45:02.138Z", "object_repr": "Tarea: Tarea terminada. Grupo: 3", "object_id": "59", "change_message": "Modificado/a video, question, correct_alternative, alternative_2, alternative_3 y upload_students.", "user": 1, "content_type": 17}, "model": "admin.logentry", "pk": 156}, {"fields": {"action_flag": 2, "action_time": "2016-08-04T21:53:19.530Z", "object_repr": "Tarea: Tarea terminada. Grupo: 1", "object_id": "73", "change_message": "Modificado/a students.", "user": 1, "content_type": 13}, "model": "admin.logentry", "pk": 157}, {"fields": {"action_flag": 2, "action_time": "2016-08-04T21:53:48.561Z", "object_repr": "Tarea: Tarea terminada. Grupo: 2", "object_id": "72", "change_message": "Modificado/a students.", "user": 1, "content_type": 13}, "model": "admin.logentry", "pk": 158}, {"fields": {"action_flag": 2, "action_time": "2016-08-04T21:53:55.195Z", "object_repr": "Tarea: Tarea terminada. Grupo: 3", "object_id": "74", "change_message": "Modificado/a students.", "user": 1, "content_type": 13}, "model": "admin.logentry", "pk": 159}, {"fields": {"action_flag": 2, "action_time": "2016-08-04T22:26:39.159Z", "object_repr": "Tarea: Tarea terminada. Grupo: 1. Nota: 5.3", "object_id": "58", "change_message": "Modificado/a teacher_score.", "user": 1, "content_type": 15}, "model": "admin.logentry", "pk": 160}, {"fields": {"action_flag": 2, "action_time": "2016-08-04T22:26:46.243Z", "object_repr": "Tarea: Tarea terminada. Grupo: 2. Nota: 6.1", "object_id": "57", "change_message": "Modificado/a teacher_score.", "user": 1, "content_type": 15}, "model": "admin.logentry", "pk": 161}, {"fields": {"action_flag": 2, "action_time": "2016-08-04T22:26:51.722Z", "object_repr": "Tarea: Tarea terminada. Grupo: 3. Nota: 4.0", "object_id": "59", "change_message": "Modificado/a teacher_score.", "user": 1, "content_type": 15}, "model": "admin.logentry", "pk": 162}, {"fields": {"action_flag": 3, "action_time": "2016-08-04T22:44:31.855Z", "object_repr": "Curso: 2\u00b0A 2016 probando creaci\u00f3n de group", "object_id": "17", "change_message": "", "user": 1, "content_type": 10}, "model": "admin.logentry", "pk": 163}, {"fields": {"action_flag": 3, "action_time": "2016-08-04T22:45:45.487Z", "object_repr": "Curso: 2\u00b0A 2016 probando creaci\u00f3n de group", "object_id": "18", "change_message": "", "user": 1, "content_type": 10}, "model": "admin.logentry", "pk": 164}]
